cookie_id,score
ck_315fb710a0e371e7,0.005219556598376468
ck_a76ee3b3e3e522fd,0.6453269146442497
ck_94c9a4d382689e82,0.16547569317615407
ck_8eaf9509ad9462a0,0.003286946477751642
ck_9a88a5a989cb5bc6,0.16996097522682643
ck_15239ef0689c1a35,0.07839712820059716
ck_8de69cd219d3b87f,0.6843584893981933
ck_f92cd37022b0ce21,0.12879028987401228
ck_1a3ff7620580a514,0.06284172285970702
ck_397c03aa33a57310,0.6706323297254593
ck_a7cf6c3b322f6b7a,0.021889673706558362
ck_c39a9e75760e3201,0.014015236048020687
ck_88ab6d245228c38e,0.0033073707707758342
ck_17733f75ebdea93e,0.018924588525688513
ck_58eb871e8d7bed52,0.1165859654485728
ck_e55b7fa67db1ec27,0.010542547255135122
ck_62f5cfe22c952694,0.08105986471040241
ck_7fbb709a0fe95759,0.027155827192912436
ck_87abe9cd066a20fb,0.24200738765359261
ck_d58e058b5c553dd5,0.024998492000167422
ck_d27b872648b71202,0.04074446968123029
ck_4b4a3c5b95c55b43,0.00489499227762137
ck_66dd4f4b4127256d,0.004913450707920477
ck_93cc12703b500613,0.14166459276713522
ck_d28806a2179092eb,0.9926591759549037
ck_0595c2a0c7881e05,0.0495823639947492
ck_50087d8666191144,0.46182943642866503
ck_b08b3f089138c901,0.07179530224579186
ck_fe3b67041dad2dd1,0.005005337948380395
ck_8449a28f7d475d93,0.13900672473626693
ck_8642e3b6d84f49d3,0.05395189588445459
ck_e49b5e4f2f2e79db,0.8654452874083818
ck_437afe412ea4259c,0.5147817746987113
ck_569b83668d74042d,0.8817313314260761
ck_233a487d31c3e631,0.994814357770578
ck_1fca72e03143a645,0.9860335018651255
ck_79205e31223df2ad,0.1381150868478557
ck_9625a64406ea16e3,0.009550737425066728
ck_079bd18dacb704a8,0.5896185014993993
ck_4db6d4fd2b49aa81,0.14187700918544105
ck_0dbefdac0a1868fb,0.016946350756349406
ck_24ff97ad90bdd69a,0.4457692151080325
ck_77f8c5042065d506,0.0395233472585314
ck_f11be8ce05382cec,0.02654912413320604
ck_c9d72140b0389216,0.1763218603768205
ck_69eda24e931fb36a,0.004201926366409591
ck_ed471e496916ee15,0.014647445099797061
ck_ff090498c4b17ac3,0.009928920682300101
ck_c3c19d6a0720915c,0.02710853705457218
ck_af02e1817cfa40b5,0.10939015124491462
ck_2df5a9fc87553eb1,0.027016802925369003
ck_4ac918e884cff336,0.1217143912336239
ck_ca149244b54ef3ad,0.00893126677894931
ck_6babe5b8674ff51f,0.04796623938669251
ck_1573878386886290,0.04196374344038192
ck_3925f8565abb7fe4,0.02893991076008799
ck_c4de808ae69c771f,0.004813584419966304
ck_a777c813551281fe,0.06368407313652646
ck_df4424f6dd85080d,0.14937272443439276
ck_85e5494ec20383ae,0.06812148133835183
ck_f71a4094e889c3af,0.01941828704779534
ck_f2f3cf9cd23b2809,0.1419245759716172
ck_18e2076397bcc211,0.27040765153409824
ck_c9f9fddef39bc664,0.1265465156669878
ck_7e826e233d6ea028,0.071508825016259
ck_62fd7eb46bee9210,0.03657970688446242
ck_206f8e3cd72768f3,0.20903575242855263
ck_aa295a11b0a6ab36,0.08468385283216898
ck_9a56739d81f84a53,0.029274927420624063
ck_aa075c418ed9fe5a,0.03586648297485257
ck_62b9fb3db284941b,0.02667430768417368
ck_f4f83b1403ebea46,0.045639378731807005
ck_16b66bd803288bc3,0.5767655724299069
ck_c4ca1434f3778f1d,0.9864197045450558
ck_1b823610371a29c0,0.049448806906191495
ck_c2bd5a722aa637d9,0.026789245708662236
ck_7890208951df34f0,0.16815616604065184
ck_020eb0e454524ecd,0.02697462430452448
ck_3b66196ccf436c35,0.03198685920177845
ck_109fc467ec0a4af5,0.48217363702358884
ck_f3dcd818db92de7b,0.13061171636200672
ck_31e7742f160980ef,0.23538240845917982
ck_77fce5f86f00b8f4,0.8085224047028681
ck_46bc797b4d07d607,0.012688307762318031
ck_37899b1b571b1c6b,0.07160777535538859
ck_ef8a6af43fedd464,0.02111569688741877
ck_bcc8519fe8521038,0.11261252858441385
ck_90696b7182dd9129,0.0421464839818821
ck_4a24ad61d017e1ba,0.09999405557138898
ck_0acc3d8c67218b9d,0.032229971543545316
ck_05c97fc9de11aba6,0.4345350797458476
ck_f8ac3a0500c0ec62,0.08725664975065546
ck_617b65141f546a1c,0.014096667381938061
ck_9d00823bf60388d7,0.198817833266506
ck_123c15d93f1840f2,0.7615271413908606
ck_573feefba6bf78bb,0.16861099952416966
ck_b25657bd16739036,0.13005726717641697
ck_bd26d2bef14a8597,0.040430347951568496
ck_a553418f2fba1440,0.036428978192844345
ck_89f3e380b0686963,0.013043474913945608
ck_b359192aa659bdce,0.14549426916743827
ck_02241f3dc301bebf,0.17538057423136158
ck_5ccc1a1c78cb33ee,0.13541208820488626
ck_349cc5edda1b8853,0.28213344323582906
ck_e9f228845bf6e28b,0.17982590582345398
ck_0a45d033d4e280ea,0.05075063690280967
ck_7e63168dda612235,0.03484428994974786
ck_676fa5f6aae5475b,0.07885087804879384
ck_74b502b20690ccfe,0.060733163089234946
ck_073509af21dd7f5f,0.8272372355216657
ck_498a0acd450944d8,0.0133822036369313
ck_7f15b50b29dead01,0.07528400417742473
ck_8089fe7403c5f537,0.11827622039529333
ck_05b2b04e11d9ae9c,0.016347494098844104
ck_31e70f2f04b48b88,0.004973741828380574
ck_994316fa5a02b319,0.011993460236396964
ck_b76510998b9a2260,0.09399947778781373
ck_4db95c310e105d30,0.009452144077323815
ck_6f730b77dc6cdb84,0.04299844348206463
ck_2493ee8e7b91d304,0.11570392502842636
ck_92d679d6ac7dcdcb,0.5610029167502543
ck_3a0e0200cbb185cb,0.10060222191986935
ck_0b2eeb4e00ff7955,0.1504245133953762
ck_9843d0e61c37ebe8,0.9898245317496105
ck_e61c8721e3ef1921,0.060290548260503576
ck_2e0eedaaf2980c2c,0.020373281372835214
ck_9036b2e5e9298a34,0.019818540957352748
ck_3265442528d51728,0.05418942184857554
ck_f2ddae2eb1cb29b4,0.05982644359761913
ck_6cfa71d27fc27f92,0.06500426676257168
ck_f3199fbe84a28b9a,0.22065849728208103
ck_b78d785ca3ef773a,0.10144893667636397
ck_374865697f1480eb,0.19136654851827095
ck_06d0e4a9189302a9,0.0843388509022267
ck_9c9884b9bcaa552e,0.4895818518781628
ck_fd4cf578e87703ff,0.271342730198491
ck_1917ef3e6e345549,0.2289172178911237
ck_e70418b00cbbbac9,0.26876878972159013
ck_a60388296a47062c,0.08377711727434173
ck_d598fe8d2c779ab9,0.03324784183503217
ck_646dc03de4c31803,0.9908145601424989
ck_e4fd8cbd842b6993,0.031441784764155545
ck_2225b555aa2a42ed,0.09357628661041664
ck_6be8ae9d78148882,0.03774280033668497
ck_4199342d3aca74e8,0.3005033345886223
ck_779581adb573261f,0.09586510780159645
ck_bb303568b6915205,0.2376301884707927
ck_17c4296276448afe,0.016210233538595176
ck_a60a61ac829252a0,0.04345478443433116
ck_6ea70950c1cae00b,0.88425188976807
ck_1abb93f6924645e1,0.25078635145319833
ck_faab769cce19879a,0.13551232279481054
ck_d5b8e74e7ca6355a,0.12598859599134443
ck_f11f7691af16ad07,0.00891824437549744
ck_188fdf2be7c92e9d,0.993735892917381
ck_4a103f8254b366f7,0.07879536185986695
ck_bfa17a0b1760e616,0.006704378703864751
ck_a4d7f6a5869d440a,0.9669202773411313
ck_58e20f5a3e7f11b8,0.9644618503265818
ck_4becdd3d2696c7ba,0.0479063732776284
ck_dad5cf32ab9f243f,0.041058273525100435
ck_7d9f73dc7c4f90c3,0.4259424441224209
ck_c19371047a2d011d,0.009418838558925658
ck_247589ff532f7aa8,0.04080377828178594
ck_7a9f241d5f082567,0.012331705865943605
ck_0a2b7078736b4dda,0.01787998432354711
ck_687b412e2aac7eb6,0.049714976981935964
ck_fce0b6855886a0b8,0.03975017636297884
ck_e291cc60920456d0,0.3984161554814909
ck_04219a7ea798db51,0.5425268303479881
ck_286bfd719836e9f3,0.5032898675879623
ck_55efc92394fee232,0.06389801105800527
ck_e36c8da1bd359960,0.3479085891534715
ck_34b0988a97d96902,0.12085209734866531
ck_e0fb11fc9dcb34e6,0.10306767903428261
ck_bcc9cbc9ed8b7c31,0.05379956642049016
ck_3df8da6f60a89a5b,0.2056790159471814
ck_b1495ee5c59a6b28,0.16679225259068048
ck_58f4c3ac61fda129,0.33318244597912516
ck_735f244b99e3aa8d,0.056532614518370154
ck_6b93bd8abf87b1d6,0.9367483573843493
ck_12107dacc6d05bd1,0.014506173588563712
ck_f96db2a1f3448d1f,0.0749812014994096
ck_8fd91a3c99e19097,0.1082373934099644
ck_910205d25388a0ae,0.004882182378025456
ck_d229dfa0e4442628,0.020968410114745106
ck_7cdec61e1c488798,0.29199580727813457
ck_f66f06e24ff32671,0.08133153035101659
ck_350bf14e90b503f5,0.06358874589073506
ck_61fff5fdaadd394b,0.07365867414731628
ck_e934f984bad2ff91,0.7749107001829204
ck_ff6a6d3547dd2d37,0.08907585181524581
ck_65ad9b15979e3247,0.05899374150286517
ck_bbe1a2ea5a403ad8,0.8590126746984944
ck_6f3a28eecd2c4031,0.07495066215949722
ck_a89b66665714058f,0.04392528813820099
ck_918c92182b6817cd,0.1987323897080247
ck_64f5eb4be9e7b8fa,0.18942611974275414
ck_d021fd497ea35fb2,0.08706135034222487
ck_004de16f7d8a42ae,0.0780717943465606
ck_a33d2325f86ab12d,0.0062703546044740955
ck_89790ff26c844bc6,0.0426797146726051
ck_e6e7257377c37b28,0.409079516805775
ck_a2cc3910a641a808,0.6622260752893387
ck_646e270e0195bf05,0.024257066264290975
ck_baba5d66def0d770,0.46681528859228644
ck_67cdcdda3033842d,0.1708109642991214
ck_b5c3075c811a2216,0.12117018373138763
ck_515379973a8044b8,0.006354662513313096
ck_c0ce85fb4109567d,0.12973585173923194
ck_fef850553862aaca,0.007258415193245285
ck_55d7217b0aff9fa2,0.027487817586118225
ck_8e139f8925ef7968,0.03264220339517822
ck_9e35b908fca1e4d7,0.006761589961915107
ck_59735f4ab2ad3da5,0.10867108599145624
ck_dc569c1167ccec0d,0.8981376456176173
ck_1dade5592f90a15c,0.19786340874494265
ck_793048d11fb8b328,0.42117531185119284
ck_545b71eb4fa594b5,0.021389121002813778
ck_bd30853e9a57b544,0.14778402133676466
ck_59f46321ecf6d306,0.050613042202259345
ck_260cfe9141d249f1,0.7182177691338726
ck_3365a0ad1a8aa83c,0.042968373562232896
ck_b0ef193195a2138b,0.030506467778600884
ck_0f909705e2e60f2f,0.020609812870161306
ck_5a540b75c866166a,0.15662877347023424
ck_87c26b2f41025109,0.9768234041456354
ck_27acc9f320cda104,0.4066511154415054
ck_a27bc31eecd9cb9a,0.17166556065508295
ck_115d86fabde77b65,0.008361585414547791
ck_eeca179341d56f8a,0.7910999188917854
ck_8e5999c436cf037e,0.01705962808434487
ck_510e7c5df1f95d90,0.9907720521105979
ck_f1acf73363925958,0.2290553274445843
ck_3c177f5970b68bd3,0.09836749958684017
ck_9cdfaa1c30cc9d32,0.0066235526855036465
ck_c8efa1538b37c359,0.030105248476594446
ck_a8a2e296f9804bd7,0.08232754169936453
ck_91a0ca45f429568d,0.04697679774317885
ck_5fdf8a0bdbd3ed62,0.08498084658746238
ck_0f4e2ec66d50da5f,0.007320270706249598
ck_28c53b214b2ee882,0.8750554371204553
ck_003148504557f720,0.45415563279206894
ck_01d840cffb870615,0.5760596843344179
ck_555848d51f4b5f35,0.18832565106854676
ck_df20cc23b8fb8e22,0.04040719633582636
ck_f9604adde929beff,0.00713884965277489
ck_d66952b03591bdec,0.014213488033545609
ck_ddcac1ab765ff61a,0.12871782041276444
ck_347386629d96c664,0.14216895108063893
ck_ab01db9117acfe3d,0.05998908590339907
ck_58e5359efc52e0ad,0.005918028220302293
ck_1a524b5cc8da71b3,0.13697060642468578
ck_e9287b6d909d731f,0.06654617934556924
ck_bb41a66e3d90263b,0.3248363505390675
ck_e95c8cc1864bd584,0.04027425836944752
ck_7a3f2961e9a8b6dc,0.025466711059313158
ck_378a9df82b1e0bee,0.7021892964756542
ck_42633573639a3f02,0.9853734655711616
ck_2a5a4c18c2c7274b,0.05993470467297242
ck_77549c1a41f837c3,0.06614185443882777
ck_a26704b5b26258b7,0.08566065148177532
ck_9874ad160efddf50,0.010918337018437387
ck_9111e3a04b14dfba,0.135046146591185
ck_651e076ee43aea85,0.02052076852279696
ck_391639c0f13932f3,0.004927330597489734
ck_02dbabda93c8c13d,0.04963025408072456
ck_0adcb1fffcb0a34b,0.36384023807377175
ck_7a43ef9c7b1c67b5,0.010521245471219753
ck_4b9dd69946438d0b,0.07048809828153202
ck_90bf017cdd37b66e,0.30724065751534024
ck_61c74163eb36556e,0.0922716564996609
ck_13376c59b5bd6943,0.005158149346602813
ck_62337eccb1672737,0.059032386727848676
ck_16077934338472bf,0.032461306843866826
ck_0d4dfd93086e7330,0.02021542792086236
ck_3865b7525b910893,0.06407844111854406
ck_7e2ae8b69ebd5675,0.018861310024457286
ck_b4384b6c11766ce7,0.04212722086298068
ck_3d7fa32dfb9fc692,0.29920488299229
ck_f4a6a7cadd6e0603,0.26916133928902514
ck_212525e2828a6c45,0.10455930310894845
ck_33ad8d53394ba77a,0.8106864266110155
ck_a5051eafe8b51224,0.01602133834332888
ck_f65e5ff7da565f91,0.013892816257285903
ck_5c37f7563fa7591d,0.05157438791090062
ck_f1e0a006068aff29,0.1325079478040383
ck_c646cdead6fb79d0,0.13524676566851696
ck_f8b3cdffef535330,0.5653626195342394
ck_e5cdbe3aa12c97f6,0.03886072165522392
ck_986e4e61440506d0,0.4109607003299373
ck_6da9c5912e15d9a8,0.016280419076020035
ck_51d842e6dae74c71,0.051011675530669987
ck_5fc65c24e0736d5d,0.9524294897730985
ck_babb95a76c69509d,0.06303959687494841
ck_86a2d852a9715432,0.0737042862140881
ck_db4083a0d043def8,0.9578899525406087
ck_96953b8945b7d403,0.13887771253862036
ck_7831ca5c31fb3859,0.5720787990946832
ck_60ac5e5f375daa38,0.03401553958784665
ck_05d44eb1f5f085ce,0.0993189288013518
ck_432cc19c7eeaa46e,0.19404818130231777
ck_7fc513033af061af,0.41166167933734577
ck_ada6ede84c111719,0.12972574857104288
ck_6343e0d3b1c2962b,0.07626770108002806
ck_010264ae04f2e902,0.3601886470116236
ck_e9dcf535f8c289eb,0.6295994032422398
ck_37143d9cc296e6fa,0.09198604637708074
ck_61fa051192f3e810,0.10949489780358139
ck_f9f93d1d41be1468,0.9063774284400522
ck_c4f4f28457be8a74,0.010258154135832668
ck_323a71f9452d21cb,0.820540800855775
ck_170f4688e0acd875,0.34713940077333477
ck_869b1878d09d230d,0.5977456062042116
ck_2f6b33bf46976229,0.01549676877442755
ck_b11e22e75d9b99de,0.03374678988331185
ck_123d75ffb75b606d,0.01909981406832417
ck_94295287a04c85d2,0.5521906892640887
ck_1b0434f096795328,0.017014945981527547
ck_0a4e191cd0a57ce1,0.005149084220265392
ck_d2fbd0df99634676,0.06703498824577128
ck_d51df5e9fbbbcc94,0.18807852246733908
ck_2d3d7d64a6f443f8,0.11197012736977444
ck_731943c682c9394e,0.03727094866905678
ck_5ccc0c94e5e1f849,0.0552384365287286
ck_c3476080516db25d,0.1367378889222809
ck_5010ffb1c94187b5,0.004496621327033814
ck_7ef666d67bc70223,0.11348396029863596
ck_c1b493527224a27a,0.009862732257472707
ck_5d1e25d7acc5af9a,0.07379912620353529
ck_ec30b61cbf517db8,0.008699251656707166
ck_79323eb5d2e5efae,0.12165366691130226
ck_4085cd3bf2661518,0.06573921229034221
ck_2ca91214c357c072,0.5455822479978929
ck_7f3132d6be389657,0.35569396297611594
ck_e7a6b925c8f39a85,0.12277940805447353
ck_c886adec7bac250a,0.16627067471930948
ck_c3f360c2d0ea0a37,0.07313708842845407
ck_a7acd5b015823793,0.03122971170836762
ck_9d64187c0800f84e,0.05293534416439851
ck_5d4ed73b9efd7d11,0.040819361663067925
ck_874eca6776b34dec,0.012629767264577216
ck_96a9221a87be93c3,0.24975248008082362
ck_68dd79a51eabf5e6,0.22994081415837367
ck_8311cb6755b2016c,0.116588666629407
ck_16fc77b2bcf5ec03,0.9539088469156308
ck_ad9e2088a33c8c72,0.006282114003585753
ck_7176bbc97b1e42a1,0.02134501062149669
ck_80dfa54b30f65fff,0.9233553265919799
ck_31c54d540b128843,0.0076504417763602305
ck_43ea894480567274,0.22843908737777988
ck_9c9e8a38bd5a6c88,0.054311617208996556
ck_1c2dcae19539e148,0.2405144470554917
ck_b0fa8b84e94d8ae0,0.03523245593170121
ck_4ceb43ccd0a81c2f,0.018642190097811224
ck_ba845332b730b596,0.006824377323206657
ck_73d3e8c6077f61e6,0.7065642912017978
ck_b5d0d223ef56473f,0.17925497410837174
ck_949f08f8e80e93ea,0.010606142637163765
ck_73de0b49709e5f8c,0.010260691330865683
ck_b5935e9722a39819,0.13786560544146842
ck_96247fee0eb44420,0.012417705449824732
ck_a6def1e4b2d57e0d,0.3213569049669667
ck_aecdc5a96321a2d8,0.03908369534578897
ck_bc61c59970f8de49,0.07746336272041503
ck_c43b4175fc9ac5bd,0.8906347728866637
ck_8ff7a9b23a55fd62,0.033604964027494535
ck_20c99b645f462449,0.042749307657006234
ck_a5ce2ae36fb410d9,0.004865240801538243
ck_96fb9bf556842bbc,0.05254767718062963
ck_b5e4c6dbbed1b773,0.10364531792609806
ck_2085433978e72ea9,0.47712951138906157
ck_2c6b174b063ec637,0.05566532291193894
ck_b20b81b88dabe28d,0.02639428699627058
ck_243c18dbf150831c,0.01287044984823708
ck_2bb6a17e8eee35cc,0.22722821130003062
ck_66147fb994495396,0.4431502488723581
ck_73f124f075ede0fc,0.061404391553190066
ck_2e315f1b1e533dab,0.0268574172571363
ck_16c7bf94ed3e7a6f,0.0050824460951023635
ck_4a0eae220a762ac5,0.10157845546726191
ck_dc16f939c2f44ad8,0.23512387719152755
ck_817926b449754917,0.04568241255889918
ck_0c0dde42ab64ef87,0.09138381366268906
ck_cb3a40594da6a2ee,0.1468527626130041
ck_d0dc156441fcfdcb,0.16645928326722703
ck_66f0945add423e9e,0.025699309982299943
ck_a74f6a3030f5d495,0.11095176455672988
ck_1ae460f331e49ae2,0.1307241427151178
ck_2d177b2f4f0b40c9,0.5951591764573586
ck_92e474e4368c4791,0.06451492748088865
ck_3dee83fa2d109484,0.005788932895421386
ck_80e5ea27848069fe,0.036791917691734365
ck_ed0c4a83701ca230,0.15289296930580087
ck_0b8b7c5c581fd161,0.008897033484436098
ck_60bf8a2870956fb1,0.09782205300673784
ck_73a54b56a2bf35fe,0.9457444997628998
ck_2296d7a563424883,0.07654895334764789
ck_bc19c383560c7477,0.14471230529725998
ck_861d8e3d88f1079e,0.3110256418671836
ck_3f090fc96c24eb28,0.008284998959792398
ck_9a6a1f8102febfca,0.1251890390903075
ck_541b6ad5d2fa5a39,0.05251031884106858
ck_a760d38d1bc4de97,0.025138361889434063
ck_7dca4d7ee10b4eeb,0.02498517251774175
ck_15220e78d1545e40,0.05132542402488997
ck_ca24bb0de508efb0,0.06426305784919102
ck_56b389627d8f02c5,0.9525151561541314
ck_48a6754977a44db0,0.011894560743606149
ck_333a43ec339a04cb,0.3894363249622039
ck_f22aacaf86a65d7e,0.3886559615258876
ck_04bd8a1ffaf3ffd8,0.014685941466592993
ck_2737a72de6b700f3,0.444731897808483
ck_c35e03b0dd0c3454,0.1394735448213763
ck_e0571312f395cd94,0.14702276392355842
ck_09fab6b9825001b2,0.017619323178870657
ck_18c3a095606209e8,0.07374534506004427
ck_2a97db9377d01e36,0.09103227214077396
ck_f29dbbfdd2786bd1,0.0709079732928136
ck_35d6c510ad29362e,0.5485809106736168
ck_5468fa99c945d785,0.07169531035556452
ck_6f8102f62c876cc9,0.07172557860945353
ck_91955aab3424ad16,0.014577654863381268
ck_9a43c0c73a39d759,0.3094180190306876
ck_60b023af6d1e30bf,0.8572049038711125
ck_9704c5cf8659cedc,0.17743888853583897
ck_7e5f02b51b9f78bf,0.33462898315375744
ck_7d3a88d1aa649708,0.9263878844040077
ck_8250eddc1ecb07a0,0.2604254757256886
ck_d979ef95ee44023d,0.04330362458785211
ck_5e5461dac83531ac,0.07893717445072349
ck_d1bb8890081e0a31,0.1165121383175015
ck_32246c62640648d9,0.007694330203353904
ck_77a40c7d2f862a32,0.1341435642811084
ck_1c8b94efe9238f5b,0.046014532119979905
ck_eaf3b6d11bc3cb11,0.01834842047509035
ck_a4a7ef3ad799c380,0.08287178473439594
ck_d5bd8f68da073cd8,0.03579567330311123
ck_6e6258227fc8db7f,0.006125125530656687
ck_c35d444e05799db6,0.09551994299397733
ck_74665e1209140ae8,0.10677859010092794
ck_353a272478f7e903,0.03340817876695775
ck_a2c9796ea229a4e2,0.012959736835793717
ck_e0171f91cb3411fe,0.09845395271411386
ck_703499f5410280f7,0.007106207628175917
ck_ae3a763997f8f385,0.17497096902235978
ck_f7ff94c3df5ac874,0.04770318559771894
ck_f3c16d8f747db046,0.12817852865769305
ck_7ef019ed77276496,0.015025560827458649
ck_d6a4faadab58a3de,0.04223361719620882
ck_ba7b78d31d74c794,0.08059411557422429
ck_36287d063350ce9d,0.0234019797487089
ck_5177fc7137ff26ce,0.006273134689923297
ck_dfd4e79aaa967b63,0.017009817807621428
ck_fb44d15fb93a7157,0.09912158444126702
ck_fca478361870a4ca,0.08490609637674577
ck_e57b94fe57341058,0.1721547747615933
ck_5448c946cc4758fe,0.06993188935395599
ck_c5ece5ffb8800ad4,0.021995748106629368
ck_11cb98211b2ed134,0.9791554637460229
ck_f655399ac75c4450,0.05119284690922946
ck_c817259019588d30,0.16202274016712417
ck_8740a14d8096c6e1,0.12619572805073911
ck_0c5ba86f4e05b38d,0.12029061591481453
ck_ccc917533d4b73d4,0.04874668150207704
ck_9eb80edfa43203de,0.010536513010000973
ck_d1a1cf4cf61d6801,0.09582138515245338
ck_b17c239f160e6017,0.06302776580056135
ck_410c3e13b48e0415,0.03375428701057854
ck_ab553954435e8854,0.9087990847756319
ck_bdbb4230c91e1604,0.05087100376094799
ck_8fd4937eadd64fb6,0.011353627869219458
ck_e0e90b196bef3c11,0.02061121356954347
ck_3dc4d464386f0eb2,0.6481971113329664
ck_51bbbf8f8e8ad005,0.996136027818963
ck_c05737ab74cf03c6,0.17373895868246025
ck_dceabbe04d99afc2,0.0045526652005461726
ck_5b86fd14e85bc9c7,0.9458640144146716
ck_d4febf0083800424,0.0879972673822475
ck_77d9f86dcf251739,0.04000613000089752
ck_b4dcebc543deaafb,0.22032566950480004
ck_cb856e75c949b0cc,0.006587706004271069
ck_61b067de8ffc1ca1,0.12871722203697442
ck_c0e8560ccfd9dd9d,0.05299296133482268
ck_173e1198c341087b,0.0626185619136688
ck_b4d55bc809000276,0.10935730618822818
ck_839bf139296b5cea,0.11108287712143056
ck_78cd402a2a4f2e35,0.021581571299748765
ck_c2925c50ebacbdba,0.02689902301602802
ck_5e3bc76eddbdb0a6,0.004742855370327484
ck_b7793edca26fc512,0.20400131243205596
ck_d79bdf04d6f31cd5,0.013046187204237126
ck_4b97d19ed946f503,0.06393460804739415
ck_37139b41c5370523,0.15244208246479143
ck_8c346eeefa9ce692,0.06559505908636512
ck_2ab7eddee2d8c49e,0.023973825258984522
ck_29da59ea3bffb9d8,0.5690014866050971
ck_c1d05ef0ec6e4be7,0.08098813081209313
ck_3882423b449f6291,0.9796663462537419
ck_5647030283171ed5,0.9185775382438416
ck_efbdcd9c181e72ca,0.07358747535179097
ck_192fdad892782daf,0.4282095458438112
ck_0bf2e13b9f2601ac,0.16292539060315764
ck_3d6046a533057795,0.040657121862511914
ck_279a1d3a3836e5cc,0.31902065324766143
ck_c375e929becde422,0.03171779575580326
ck_a59e90219939a1f0,0.06853143736336578
ck_4e9fba1ec54c3ff8,0.0705521471667986
ck_bcbd8588a13f5eef,0.01286510283528583
ck_5f9a7ff990341bdd,0.003746364375032282
ck_e0403d507519b7d2,0.016000811340290657
ck_c9490cb61aff5112,0.16946344977195296
ck_41dd44308e6a665a,0.7029826537395961
ck_76c23726cd7ca947,0.024585772581666686
ck_9be551300209fa83,0.03759302105006272
ck_a98848eec6c9581e,0.07264498701271731
ck_61176dafb33b2d8a,0.6063083391389995
ck_92de019e05971ce3,0.07526009787549057
ck_5d644224135d7c65,0.08405210899419992
ck_c767fc454fa215d0,0.004639797024254441
ck_5df85a8924e11f27,0.20759202392158912
ck_da2729307af06ed5,0.059027119377799246
ck_7c6b577174af7a78,0.02052536723846968
ck_893b8afbe11301e1,0.15135719951835724
ck_e06f6fed020ae014,0.035466989784973264
ck_386680372fb54857,0.011399450310171862
ck_7a7f3c4fe0c9d2ca,0.014302729574277648
ck_f908b527c4db422d,0.27982605672062255
ck_ec2eee6a133e9a6f,0.24716144660433126
ck_d98934f9fe0b02b3,0.013487166018108824
ck_398a1ed77b0130e5,0.0162023256291205
ck_d960af7a55b892b1,0.1169577959568316
ck_4637e54a9f79e2e7,0.007304140158618386
ck_02b9f418524f6650,0.17450094351823436
ck_d4b23804cebb045d,0.0683854631838179
ck_35b1939c48182a9a,0.11007578880295966
ck_2dcbb71e39d64305,0.047390855788088194
ck_47a884dec960ff2d,0.09902392183576494
ck_71fd8c346fde5cca,0.22340187077300527
ck_98e1992ac8e7d2de,0.24866571053342137
ck_ae7780327e210522,0.07643781912070784
ck_e6c584b4b1ad6d9d,0.04684131136980178
ck_344b2e326a6c3dcc,0.01753861229733974
ck_9aa899a5230b0963,0.13889927561252857
ck_e48d14d5b70ef5aa,0.0968961603156103
ck_59d380a0973b3951,0.1627472757221414
ck_11318f7c041a5ba9,0.03984374775710787
ck_7061786fe2f22f5a,0.15448637280758473
ck_e77529651c416cf7,0.08389716119510503
ck_7f79878197340435,0.00898113739644053
ck_b0a0fb0ee9ebf106,0.046303057670526185
ck_70c7679199776a90,0.0685798030175675
ck_b9facd2210daca5c,0.24753967782202752
ck_9949f53c155b8dde,0.051561735906820186
ck_1c607e24f2c4397a,0.13951705548131946
ck_aefd1ce3ce093cbd,0.004420675611415476
ck_5a29b7018e43280c,0.011354593702360232
ck_69eb0b2ccfbe5f95,0.04667315258868643
ck_fe037765aa465c58,0.10082317331588792
ck_5e512ef5362a3dd6,0.019644974550217516
ck_544a9e80b7fdc279,0.0309904215909295
ck_7825494e654d5695,0.04593775232833077
ck_f1f2c3c623553f0d,0.004790786054491087
ck_52730906e5b461eb,0.9075359930630147
ck_01e0689157fe9617,0.8022807574498177
ck_9da82e567074da9d,0.03775308885707426
ck_6a17384072f904c0,0.08996507177880379
ck_8d84d771a21942a7,0.006928368318600861
ck_39638880292782a7,0.12406557727067893
ck_7d51c86e0eec72ac,0.11278024128065661
ck_45f4c821c70d134f,0.9545791016013788
ck_0af3c13ba56ce57c,0.020345497466612315
ck_0789a05e061b2784,0.6449063926647846
ck_6ba091eb42ffa9fb,0.4209498592701454
ck_265accb3c5c32620,0.3431920996998009
ck_179039559ff7566c,0.05869672844067759
ck_17c0a6a92b5765cf,0.07288417603061344
ck_59371c9140239fd7,0.09433329873531894
ck_f9c4f8b4ce2691f0,0.07895464148164494
ck_a2637e4872cf4811,0.28075048210363457
ck_1de43fd6c6c22a5f,0.3872605348912082
ck_6e4f31bd108571f0,0.007858576766891681
ck_da06d97db0b18851,0.014339627574265584
ck_e0346d5081e640e8,0.19638108156482648
ck_c1c7d4e62c9fcded,0.49137240533393883
ck_2595669e421299f6,0.042223835899295514
ck_3b6057d51fd4c7d6,0.01969860550066574
ck_c5f8ab515840a0fe,0.09815958761419688
ck_435cb24538c6f77c,0.3539066386867578
ck_d84b5403da4cea7b,0.1198931622171575
ck_c2b61a98d1c8f6dd,0.7758565207779727
ck_c9dcd92b2f836b61,0.3144717317380232
ck_9eb5b3f5f672c2b1,0.003096306349196131
ck_e4cf189a8d31649a,0.04898220932888493
ck_6b114f2a48152b96,0.014473113410312157
ck_3fb95862b70f505c,0.0950533018165115
ck_7f780f465c29398e,0.046297504392177016
ck_ee387f9da79e67ea,0.18101464012258056
ck_fa3b1e85d27af2ee,0.24041015909475608
ck_e739eaaa7a1822f2,0.20379522408271586
ck_dfa0ac11fcb1dabd,0.016088520005191436
ck_6e8751b571ea54d1,0.13089604928223028
ck_2d695f8358383092,0.08358451170749662
ck_e7dce27edb700f27,0.04598578366368436
ck_e322da8b213eab52,0.03143950052456923
ck_d0b32e039abb8200,0.03232684922632484
ck_b354003302b272ca,0.06819907625331935
ck_f7485cba392bc294,0.5894567107457861
ck_d6a290ff8362c7b9,0.33800150163766574
ck_c56a44fe315c0389,0.05423737226871715
ck_f77dfe6512eae322,0.08474976916668292
ck_35fe969c58b9e70b,0.149795029728828
ck_4c518637db2322d5,0.14494041688486814
ck_cb61902798ecc4fd,0.18542159119636312
ck_56e6cfa32156a916,0.08981276094168761
ck_343e6ed2b9d35c01,0.033824508948818686
ck_51440f64f7250ad7,0.3678360948706702
ck_295bca29c34cfe2e,0.3855792927666979
ck_dd30558576b45e7b,0.025440875492996902
ck_3a30132a57181fe3,0.07218808934791164
ck_4a733aeb833406f4,0.06225866910459004
ck_1b0b7c3d35ab1259,0.10376169683463811
ck_962c3bbf27cd4b80,0.25245412409192725
ck_9528e1d6b1707870,0.11404684719033273
ck_b3263e7f31aab45f,0.09460279519982709
ck_e69195a3c885053d,0.003845160849994207
ck_a907fa8795cd4baf,0.004092579212043125
ck_205c3405045bd835,0.12680912968455849
ck_e81fc223bed3c46a,0.1487887394009515
ck_363751deae40edfb,0.5199312928848566
ck_6176baea8cbebbb6,0.02456321968553095
ck_633e6579f5c74a5c,0.9424918237641344
ck_ddc11fc481eef58d,0.06317896129290534
ck_e975002c979e12c7,0.2713206530543296
ck_8e039b23acaaac00,0.06620002561382317
ck_1d6990d94a4d2ad6,0.3223972115630589
ck_e7b583acaa3171a2,0.4838455934898031
ck_c0133f60d39b2fb5,0.18790115403918456
ck_7d6bff85e7a694bc,0.01093447442686427
ck_d305b4d82f63f647,0.006023730673001273
ck_22bd0fc71f95e048,0.22053268374896737
ck_9a65fcfc7916f93f,0.005138165342713505
ck_d61c837b0106085a,0.2004936821669819
ck_be86a1db08dea456,0.1643324360137391
ck_90489c405e6886d8,0.010641560087702527
ck_0add2c321d579d75,0.12664725381799039
ck_482dea6eed92cbbc,0.16215506597661655
ck_c24b47184534cc2c,0.9917339847962751
ck_fa04ac31e596e7d6,0.08797168675241834
ck_084322dc5a3a86f0,0.03972529837946498
ck_ccb72a33cc1877b7,0.1251021238541363
ck_afaf374009d3b248,0.05095630818533428
ck_b53084ffede19a8e,0.03168100259902165
ck_4760216154c8cac2,0.8297373444263231
ck_37ad3a65db673e70,0.011012300046868508
ck_0c2932cc0d553694,0.02446434466861764
ck_86b853c52f20fef5,0.07355418599751411
ck_38703b7546d35a80,0.10041650691178126
ck_218b7e6e6dbd2da0,0.006754120203797224
ck_402db4184982fdf5,0.1254710584176654
ck_f917c82af80e4a79,0.2794223082219963
ck_3c6417a233c68c73,0.18618721816363512
ck_98068c397d70dd3a,0.21240742309697
ck_b1cbd6679c0f8d95,0.07943565846938631
ck_9e962f9bb0e7bac2,0.03642151880019537
ck_b08247c3ad567d92,0.8496308858154669
ck_3ef7a03ebb81cfe3,0.007175908183912657
ck_5d7ae0e3562e99bf,0.26098683781720894
ck_c91a628236baf91b,0.2031836315391016
ck_7f8e816ca51755e3,0.5757157547018593
ck_5aadd286d188f5c3,0.03373429977412797
ck_a037aff5f8128c73,0.013407601543152393
ck_5df6529ce8290906,0.030857135375352
ck_5f3609511443e5a8,0.029169032877421376
ck_a6f61864fac3c8fb,0.01005826806173184
ck_2733fc6ba23ae46e,0.09449708501510846
ck_22bfb9246646eb41,0.8096000179100094
ck_bfc2a57d8fd1610c,0.8597105029674482
ck_49839e761d0e74e9,0.0841045616207554
ck_aa4ba931dd37481d,0.01631504626554946
ck_2f9fa0d61829f815,0.0932824915367432
ck_5b82c774df10d49b,0.019028876512279032
ck_411219470d0a195c,0.20349284482754817
ck_d07485ba10514a2d,0.8966564851940364
ck_219bef979ee21bdf,0.016244918707486185
ck_eb1006e7285184a6,0.38404241197155303
ck_fd242b18575e3063,0.26156863901165295
ck_95188150ff059c70,0.26044319112021996
ck_a9ca2f447b984a6a,0.04848831967636809
ck_2dd39723c4088b64,0.12830710224729203
ck_aa2b4c662ff213b6,0.12637215374234465
ck_1867b1199c864db5,0.5818847816709776
ck_850ec97a5a0dab9a,0.04546071701436502
ck_562320295fa35875,0.010569608779396956
ck_bab5759b07fe2bea,0.01883654364158358
ck_b9f1465d803e57b2,0.4088214606692508
ck_8f21f2690c32c691,0.21438934783526875
ck_df87d6f61a63eb21,0.027264987694205475
ck_770475876d0e7e6a,0.019651409650634433
ck_b4c014d5c0cc9eb2,0.047733585519445385
ck_3add4d23124c9290,0.014943293370570666
ck_bce5b7fecfb6264d,0.19504670072380312
ck_604c17cb97dc89be,0.09856129653994444
ck_e52cbcd9aafd26b2,0.01092004602159196
ck_0ac9114076f5bf3d,0.04971722259278372
ck_dcc125b178b79566,0.009477909860690564
ck_4e333c09f0c37dee,0.1641982167713663
ck_ff7e31ff8ba731e5,0.04615573185486886
ck_8d0532d24f1070d1,0.008198624043062997
ck_3689fa41748a6f6b,0.7237775347844708
ck_7509eb97c1948b16,0.023489287334844792
ck_a9161cf1ca22a6bf,0.03579480625734751
ck_bed3e3db135b782e,0.2948309879805043
ck_9040edd974ef8e3f,0.6933782952015305
ck_fac32d76ed40f683,0.1240660378353335
ck_3d7b1078e2d57c69,0.05208504056611653
ck_dae09c4e074af5dd,0.11018025208673739
ck_fd84507228467b40,0.1372632104328014
ck_e2a2ce9b8cf44c63,0.028919047840915677
ck_cbe716f351d660d4,0.04626612890487291
ck_cba4162ef29a6d27,0.07302481131107694
ck_4f1e962ff8a29732,0.01341853349784257
ck_39a81899dded61e4,0.05247615654402041
ck_25382331551d22a5,0.1268267086758104
ck_6d64e1c07b19856e,0.029629415592984903
ck_165a868bdef28ad3,0.08867617951181422
ck_88774ae52e30e877,0.1798459964364279
ck_fc7a9d0643570053,0.0031002108801547906
ck_c2017120b3b88a46,0.0503103206339065
ck_d115ac6b9fd62a7e,0.05425720791145917
ck_439cf7d51ec7de0f,0.04388603280964221
ck_2468a7e9e68a0927,0.056236425184103225
ck_7c418947124dee8f,0.33667227987067433
ck_fb0cf32c4a56f740,0.3891957272002497
ck_694eb6c43193afd4,0.101153739168181
ck_993beb188dd4abb6,0.05983667370276794
ck_77fa39d3b733c226,0.2658660485376327
ck_49969a9abc47cb69,0.09825338780149721
ck_d3f44bbe2f7e9b2d,0.24214011258326082
ck_fcf5b8216d0c18ef,0.010553657527278723
ck_daefe1e2d2bc362d,0.0147144375811818
ck_9c9287cb28950eb6,0.13004531332941655
ck_c1d1a625b885a975,0.0476515415071283
ck_71b37fe47490b4ba,0.018288648538718477
ck_5d16e257c0635f7e,0.7872342501617041
ck_15918075563eb074,0.013393471472912572
ck_9a15fdefc47e8d11,0.03020498715708261
ck_6f04d047d1dde75e,0.004409564144817886
ck_1af2c0b3b8d202c1,0.11801919695127022
ck_174be2231c5fd2b6,0.009639528839690877
ck_bb0713a2a1d65982,0.054072132452151235
ck_0daec63bd5b0729d,0.04762743647733452
ck_c0b5cc3e8ad2ff44,0.5616885847027553
ck_35bee1fc12664644,0.6604494098805227
ck_a1c7cf63467df4c2,0.009221660484804526
ck_ecb1e15f0b185ceb,0.29107441540438883
ck_f280d31f54a4710a,0.13312016408256122
ck_30f4b2ee8abe1342,0.23366369228520695
ck_66bed631354de5b7,0.05547660910272119
ck_c2d3ecd7278eba2c,0.009539263328243544
ck_e901dec0e09eccbb,0.011738340100173538
ck_5d038ecb3c8748a3,0.05112481053226295
ck_283c5bea94b21e80,0.0638839540681084
ck_7956c251b85f009e,0.9386581558797091
ck_9f5f81d771146aa1,0.007955153044951457
ck_9323e6fc1e168eda,0.9368155593434978
ck_10495d3a635b8d69,0.5103678880516412
ck_1982d571cd36eb0c,0.06353893566943894
ck_4f5d7985bcc2eda4,0.0179648937517674
ck_7df526b2b4410bb4,0.052317785106482384
ck_dbb498b1a346a402,0.005148042471440372
ck_ef059997563e3330,0.08601485444968346
ck_02ec4e06709e6b82,0.008768496106834804
ck_9782c86ba6485f88,0.011454019100934422
ck_d69de468b44143ca,0.04448515849217235
ck_6430a8792f400e0a,0.04228179942494441
ck_8285bd3c90af94f6,0.1061070618307389
ck_985c9ca112000e9a,0.11786896561263259
ck_e679fbf4f4f4aa07,0.04053574238394366
ck_016e8c8eaf9d511b,0.28477527725780066
ck_bc996c523944644b,0.06550114222945047
ck_5b8315726f6204e0,0.11952049566329419
ck_78181f8e998e442f,0.02438433209981913
ck_71c68dfd011dbbbe,0.9689812168828841
ck_db32c95ce2b6f502,0.8564905445200808
ck_755010362a9b1bc4,0.015446240003048605
ck_114141d85256c9ff,0.0028158712012777104
ck_9d1a5cf5a3b87e48,0.1573276561117257
ck_ab640420858ab5c4,0.5093765598032213
ck_97a8dac48dd62488,0.5767015485776965
ck_879cc3166fe1bada,0.006114459595733905
ck_b0ed11080076e381,0.06985653563569447
ck_7334a9ec656263b2,0.025102659778787752
ck_6494f0ef13ce44d9,0.04446870064257155
ck_724e459b9ece38f4,0.16303128620298388
ck_7fd8b1470401695f,0.9489538391000475
ck_292f81186358b0fa,0.02313618418429873
ck_fa7de64d37287615,0.19806497753291405
ck_d00e09e66ed6458b,0.48272433636058937
ck_b8d210e741be186e,0.022831622452220823
ck_3db59982cbae4410,0.16942029177489204
ck_69887d0a9aaca6df,0.011177511639870536
ck_4feb21e2fb0b3977,0.016375183606702023
ck_08c6cc1e143475e3,0.026384507268965567
ck_fe6e168cdbb46b9a,0.4847159736842568
ck_07f1734be7fac56a,0.04865232217902451
ck_d66d59981307db93,0.08554215446382402
ck_f928dba0d587d7c1,0.01145774999318387
ck_786448fe3004cbd0,0.027368456690083583
ck_29ea329fa40ace62,0.054861962534774586
ck_7ea52b6f27edcb73,0.13760850299814706
ck_18bc51bbf3ef198e,0.1364113509026314
ck_44950df09ff14ded,0.005482090226897794
ck_c1466b52c0a10b93,0.12111856100099012
ck_6cdac067cc4db5c5,0.1544696105272836
ck_53f55c6e8cf2d432,0.008395545134138526
ck_95945f48453ca532,0.22564568228235454
ck_87cce4126e215153,0.09238900256909989
ck_1ecd5516c92caa4f,0.0033327711049855003
ck_819b482bca14c068,0.6147218610771803
ck_a61a879dd46fc9f2,0.04646484995413954
ck_af70aa32c009c3c9,0.017715222650598914
ck_f4fe78e249092ab1,0.15119056745254705
ck_12c46bc52bf45b36,0.14622790069821195
ck_f05f5e4b40afa52f,0.1338306320740178
ck_0f8cb09d3f4fc980,0.24084981439649605
ck_80a64a7f0275a71d,0.13771637788528926
ck_683af7b1540a0b22,0.09126944402218257
ck_51fe0b613c076cbe,0.011441416645236154
ck_da1a2450219dcf19,0.0929583233396205
ck_2a7eba01ceba6c2c,0.3131884734670453
ck_4e329e29dfa743ea,0.8193099097001091
ck_0274d881d6db82c8,0.05564639208985908
ck_0af5b7d128035b35,0.05354497665697025
ck_ae0a7be6b0a0ea68,0.09044777500304749
ck_de5bb7a4d091386d,0.3410036973704682
ck_2bb7c17168a9d17d,0.043394737872385764
ck_0ffdff7b2f5fdfe4,0.03592610740880758
ck_718a8390b3d42d7d,0.04183612413481704
ck_7c4f12d70f184533,0.007076358719652796
ck_d3e2c26b8adff099,0.06910125596145571
ck_ac9d3d9754104cf0,0.01471436611405092
ck_3b1766a1d51f8f0e,0.7126488344875846
ck_a9bf75bea912027b,0.11334886249843565
ck_687eab3ffe1f8cfa,0.11461219115007279
ck_25dd0b02af5b2f37,0.25643867613883997
ck_1747fcc466f0ae38,0.015783094326904123
ck_f6e9d14dfb6f3c28,0.2175781236095567
ck_c6a7bbd0adc4d5f3,0.17349750641833953
ck_46656a23f4456d22,0.9408678356531279
ck_7519260415c2998e,0.11951154976483708
ck_754f30ea19df857c,0.1596287666948537
ck_ba88a244d5f7380f,0.10687613008845723
ck_f268416945316815,0.09789718822868733
ck_21860dd2159dff28,0.02695887567098378
ck_7a86ef4e2beaec38,0.0052895320910797865
ck_0414507baeea936a,0.05515200434654806
ck_60796eb60fc3043e,0.02713117259589534
ck_1e0841ed17fe0562,0.19267842535371796
ck_0d641d32658d6e0f,0.03313183184156079
ck_b36086ae6d87eec1,0.03975474506826355
ck_962e65ab33b5c311,0.9796922900433069
ck_b046a42684468e63,0.051584123270426635
ck_ab3426435b0017d6,0.08404183022969668
ck_fcfe06e44d09a344,0.040046122129238595
ck_0f6d916c92189516,0.11162289047947672
ck_d4c8f0d957c3965d,0.11646565574966693
ck_2ca83dbd728af019,0.029174326391037193
ck_2857a4ce9f72fbfa,0.02779937555077475
ck_a60e6edc48e3d0ac,0.9017281962782988
ck_0cbd3b27063d4415,0.11016075989576461
ck_612089ec90c37219,0.09901608761996405
ck_ec4e597f17f473c6,0.019402884620953388
ck_1c93cc58f314bf71,0.13376147309754274
ck_2b359a979520276e,0.03650454380218633
ck_1496568ddc3b2d56,0.08476439828171563
ck_41d91dc9f5063566,0.10821811120586489
ck_4c5ff58afe3d7a67,0.009082216976380455
ck_81709736281fa3eb,0.02026152962250293
ck_d89abbab3d4957aa,0.11047797433445164
ck_52453401f88935da,0.10757513413721224
ck_a477654d34783e06,0.007637615516776263
ck_72dd0dbdf808cb00,0.08660353941384054
ck_c183dff3781746cb,0.36909537411367266
ck_c8b7f241810b45e5,0.0087527075652274
ck_f88028c3f306bc70,0.05373856770045982
ck_91d48d69e4f5d9c2,0.04408104118669336
ck_b74b9ba6d7c9aab7,0.3955622956187752
ck_03e904682dc73bba,0.03885959321588711
ck_fc6fed6ea96a004a,0.03438999420219616
ck_51efdd240e34c642,0.06594332353403833
ck_e78ab4ff52b5fd2d,0.0293419247608033
ck_4af7b97c24d89a45,0.17435473702180077
ck_295c0072eca7f7a2,0.05099501604159615
ck_8abd1a50a9227463,0.0613002656943673
ck_ecaa6f13304e3dc5,0.004799000206500613
ck_de436e7b319be1fa,0.9934607102557292
ck_c802cf8f61466027,0.006121175136013649
ck_3d83e0a3c1cfbf8b,0.02627208221634889
ck_28d2003c2d16e4b6,0.006471366787817223
ck_8ddaf745bbb9cd62,0.011304381338113206
ck_493b6256091014cd,0.23426262463493247
ck_a2245822cfea997d,0.016843836702217254
ck_f7305b3c64cf8a03,0.3007639005806578
ck_9937dad93a0ed3c1,0.023210684886894234
ck_d654449f9231ad76,0.028060074409128895
ck_850e2b59bc535490,0.11378668437395388
ck_e55e5bdfc0242aef,0.20141720899018625
ck_d35c51e981b98c5c,0.05519338840455429
ck_27cdf9c5e6f0915b,0.06664739851264294
ck_d328db1e1052d820,0.08374098935677257
ck_0ea30eff5f361cba,0.03197122693057309
ck_9994323f97109f4b,0.979337386648337
ck_09054e97bdf9624e,0.05679109947270188
ck_723b4afc388113c8,0.030301607237336256
ck_588f6e6a6a6d93e8,0.11069389416254452
ck_e1d563fab4d6116a,0.015642615957140272
ck_53aca610e20598bc,0.0692593699628606
ck_c8131ddc7ed33448,0.13936417886696567
ck_899f88464305824a,0.08425060675503157
ck_1c17c65804f8889e,0.0540691417343052
ck_45a16ce12893cf9b,0.035698677511266645
ck_f9d481aa4f9b2808,0.7192199269075423
ck_1d5d74169cf892ef,0.038639496305002186
ck_aba32acb61c1aaca,0.4402172456228305
ck_ec4dd3675a8d28cc,0.111037656491798
ck_5dcd443fe0bbdeac,0.015417924220518733
ck_3a47e3f54475e854,0.036696484531618556
ck_a9aa5c344c315532,0.08896123539358486
ck_9652283c9f61fcec,0.005607434165576686
ck_752dd3d2487f78ea,0.04890243383329149
ck_a821980ac4db9943,0.7920015891056607
ck_93e0d6befb67f7a1,0.17787868524897166
ck_e7a3881c3e36bd51,0.17028909021957803
ck_12631b78f8a03df2,0.013776571999996256
ck_57b8226610b48854,0.014344928755571225
ck_352657008983fd4b,0.05393559739486805
ck_0841a5c24fd3dd28,0.03573268348309543
ck_db9b9d5d30f74070,0.07276503404404684
ck_a9dded7f6294e44f,0.14530432768641463
ck_91a16336ce3217dc,0.07815449364328286
ck_371bd9388b287677,0.006956920983866483
ck_f285e5e1912a7c62,0.006090878690505391
ck_368b65fca69fc415,0.22043376677197257
ck_d27a73596b6500c2,0.0897951425165558
ck_2d963f9b2c4d11e1,0.17537646138600715
ck_7c500e219af39486,0.01662143644907085
ck_7d025dea5951cba7,0.06860875086137207
ck_32f632706608859e,0.06844089385576077
ck_53816231f3ffb48d,0.031178569931300415
ck_9dbe184e81c1ca8d,0.672877872078557
ck_d74123617f22a21e,0.040745727365298925
ck_275386782b1606f8,0.03171752702202747
ck_0b0e79d33e50cba5,0.059479279993069865
ck_ba93cb604f792915,0.16032137891383738
ck_a86cd653472eccbc,0.05686845090038656
ck_87771861e0447210,0.5514318343072779
ck_212380e0371d8a6d,0.05967710980663878
ck_ef0d702d7b0ed745,0.017721970400193757
ck_2b8f33e22f939372,0.7987025842248494
ck_480347ad92037105,0.03678469709303047
ck_20124c3a16c53ce4,0.09235101231999317
ck_c9e1e3229baae708,0.06044022353151684
ck_b1befe967f7a5ebf,0.3831167996325521
ck_4672167d7c989bbf,0.12558386360854987
ck_f0c44ee5e3a42e3d,0.13969654061618625
ck_c416357d20238a4e,0.027692752572955268
ck_d0f470f8078c91df,0.13371082185048486
ck_3a70b4ee59084715,0.02755988227443147
ck_179ed66cdfc1ce27,0.02495171386638812
ck_387e5a7f163c7837,0.051966862297263876
ck_08fb463e69f647c8,0.9879222916245916
ck_732f725747393ec8,0.1798099808041047
ck_7cc5e0fa3ca5a713,0.010354236119048506
ck_ad4a4daa826ac68b,0.4616004000337349
ck_472e0be7a3b533bb,0.262516957715598
ck_7190177963eafdd9,0.04185849815412836
ck_647ac26c5900f082,0.0638940084511751
ck_272ae2179bbd8e58,0.03290205864011455
ck_09b0d8af304646bd,0.006276978226123284
ck_ca0cc8ea9f344408,0.007242677936015909
ck_332ad134fb909869,0.0415425772589277
ck_fca2798914627dc8,0.27693584050234654
ck_4450b55f462ae134,0.003061327044859618
ck_d67d9dfb60b286b9,0.007778357473162478
ck_a9d2bb4f2bde7052,0.014727880227635042
ck_929bcae878a3ecb3,0.6352987665796063
ck_59a9e000fa275e1f,0.03068695207858941
ck_57f17254e2688637,0.13474528974165537
ck_0508908697f60ce3,0.41294675325659913
ck_946afc2943298d26,0.03448668661821459
ck_7176d12b18f2cc0e,0.07353340135467519
ck_5c47b49c26cce286,0.12013910301091972
ck_b6a2bdb2d335e1d0,0.9933107683572272
ck_1d58f6caaa4d012c,0.08197812415336016
ck_71c917295020ccc7,0.014101480370064786
ck_bc89644ae3688995,0.05293785774487838
ck_e7c212f16d6df272,0.05170804687110569
ck_c6d2e11a368184e6,0.07893214407062091
ck_eed7f1f7548df15b,0.049165898650444004
ck_75b69034000ca7bb,0.1400299145571617
ck_38da3bf629458682,0.039969870969000454
ck_90114c891239d821,0.006006004162516057
ck_8ee08f6777cc155b,0.13630070151272944
ck_bd86132499defcd0,0.041668169738978765
ck_b95fbf2b5640aa82,0.05027193952524052
ck_c530235393360e3b,0.03808812184353778
ck_be52a7ec43241ba4,0.36810132589334155
ck_d96eb3cc55f2772f,0.11461219115007279
ck_dd34f0a844fb115d,0.29879664210119866
ck_17cc7b411f448e66,0.06666265985353231
ck_856ea65fa27d06dd,0.12486134088169942
ck_056d5f0301c30902,0.46162272293802653
ck_e662b14b2bab23a2,0.43917684973624754
ck_209f574c8d92274e,0.040516544736717265
ck_62720b81617896cc,0.14499403126414134
ck_041614694b77e599,0.023190332100888323
ck_461e3f7b97db8d16,0.08570774522847929
ck_1b74b798eebeabdc,0.06562162415502919
ck_0ed2739384f1d644,0.02887408075231648
ck_5a4d19f1b83feeb8,0.04426613846570718
ck_463937167965a1f8,0.11683997343222938
ck_9d7151dbdf100e0e,0.27511024018194624
ck_20a7d1ce6cc27312,0.03303255244236401
ck_6031211ff118cf0f,0.0081035879693062
ck_a6fc92aa91e99b77,0.9826457281768347
ck_0aaaa9d2f75a0518,0.060359327850381894
ck_ec26e327cc1848b2,0.11733051348541466
ck_0e6bebf8ae9b9b03,0.1515838370694952
ck_e107537a4cb738f4,0.05239259498378783
ck_e8ea56e122a5a487,0.4036674866770952
ck_98149ed45d38c4d3,0.0877793873557336
ck_0e719b3a6906b8f1,0.00655498866422261
ck_0c6e7bd357e4a348,0.007942367562546999
ck_d3b2b250da61db19,0.9378883779952069
ck_8bb6b0a292754576,0.28206661465493515
ck_87d70f5fe48a6128,0.034933116644015716
ck_ea9edf9c107d429f,0.03967253854997072
ck_059806c52cebe4f1,0.44570199348002326
ck_a72d6df666e1c21c,0.0726668206343262
ck_1d2b80ab6c4944b9,0.051605207125655334
ck_60557f077abc42ca,0.6861216205428234
ck_e5f5cb7dd6ce4a37,0.16089166890351606
ck_4c4a939154446053,0.009145279956288587
ck_50ede3eb561a202c,0.06353680440771232
ck_6d03a542922b2ae8,0.109457268026059
ck_d6fe761ed0db3270,0.061790190329993964
ck_7f0cd6ea3096f985,0.03149544720481349
ck_23edb6d938a3b87b,0.019629601414469004
ck_799aaf9f2b9ef621,0.04947977775955982
ck_f8f6a03613b6dda8,0.11014503226165007
ck_7cffb189f4f514ec,0.98905520000201
ck_c081e1967dcd811f,0.12954379770384933
ck_583d6ca78c97d91e,0.8443283533580789
ck_9332bbc7125219a7,0.07216542679208345
ck_956b5af6d7d86c65,0.8838190634720843
ck_2d634e3f24681c0f,0.21573388110422087
ck_7b35d218ed0c5a60,0.06914372552227703
ck_ca5b1057f8248f73,0.047241918701280965
ck_ec5ea81cf813597c,0.16861036027613907
ck_eaebaf4d28400fb8,0.12077234484036553
ck_ae2ab6be219219aa,0.036740747052010726
ck_d99a8b4c820eb46b,0.015819797871234456
ck_bcfb7ffb7cd428bd,0.06904716168022794
ck_3dd542c2d31be2c0,0.04308545050028044
ck_c7dd84401e29a7fc,0.02965511550979329
ck_c4bcc7cefd40f8e2,0.013795704504832562
ck_c251898b5d51e3b0,0.03748009352642979
ck_36d37be780c1291c,0.010695864453984317
ck_99b4f266b61ae7ee,0.07360334404963005
ck_c37f03995f0f0169,0.003170848373171991
ck_65a23ac8e44eb901,0.015545017111095178
ck_644b1c1149eea9e0,0.10436178972295578
ck_9cf44eb0237c2429,0.03542001330158111
ck_20541686a94fb71c,0.1855598856490608
ck_c18245be844680f3,0.14506099800075944
ck_56de216eda6b7fa6,0.010212603008667677
ck_406c4442dee45cd1,0.02030861769581429
ck_df1585c7d72a96e0,0.01971642209478306
ck_b8e8dba20676d87b,0.11543580747528374
ck_0ee6965e68efc177,0.14910599708410505
ck_c2a5c54ad8d0d297,0.16926657742743295
ck_bf6fb7e6470e95cb,0.010229986186471387
ck_27fa694569140345,0.015641222612782345
ck_e04166b0ce66393a,0.04851959163150411
ck_8742114f4f0cb22c,0.3961974105681048
ck_6eceeafd56b42576,0.4403683226265714
ck_34f9951b0eca1965,0.1403670896962549
ck_384ccecd342a24ad,0.008576154325164025
ck_49c98bebd1338879,0.012377437941690014
ck_6c26c12071c91ff6,0.03020243299795388
ck_01e5986ebb9a78f1,0.08291888913012145
ck_121db7ba3be29ee8,0.20245067960935223
ck_039e6d5a330cea1a,0.1711120731588978
ck_ae8c9163cf957d7e,0.12263045502111339
ck_3f5e8f3f1df0c8c7,0.33654049244579537
ck_b1c51fdafcd80122,0.13614008593039456
ck_12e2b5ebfe8986b2,0.01964912158579984
ck_d55eb81a4d543c59,0.15159848980260002
ck_f85155ca5c312c7b,0.11640753688783098
ck_133d8a1ac7c0e301,0.9963208695717053
ck_04212a9bb9b28696,0.9944003053689021
ck_4cc11c7d3ca61f73,0.0032926226134899943
ck_2df4854186ec515b,0.08384707550314706
ck_aa9b28e7fc43af79,0.7723299086687119
ck_47cad6c3def4c9e4,0.005681555290465414
ck_fbff7b5da8111567,0.038448844232738325
ck_bd25ea782e375b22,0.10262711338100018
ck_7989376f8cf64a9d,0.03397271422014811
ck_675c0ca1ebb1051c,0.05202211335028435
ck_1436f6e11d4008f9,0.18029754554717015
ck_812cb3a4482cc618,0.06909042654043059
ck_6e606f73a1094afd,0.08690713135618655
ck_1b708e2a4a0584dd,0.05935422367304455
ck_a60d6b324bae0330,0.09138403056386944
ck_706a4f673a9fda3b,0.9667258628079352
ck_a75ece9a9044eed0,0.007944778397654102
ck_9aa45c4e03c8c57a,0.23606899132722234
ck_9fe9bdce982b312c,0.1148400317789363
ck_c6fbdc5ba68a8466,0.02048440544371047
ck_ed0cc1b1c28f9511,0.23113555734907415
ck_a4e2607b4c8021e8,0.010585620445164397
ck_e02f93f51cc8caf3,0.012607429980493273
ck_7084ed3cf20781b7,0.059068554484761907
ck_cd4c63155570d6ea,0.04249970025323631
ck_d1b9e5d32d2d789f,0.04161480577837013
ck_68f56f6560a7a933,0.023097607740931322
ck_8bedacc6233c6269,0.15421892426263617
ck_ab7cb50407d6b13e,0.21934531148709815
ck_f17ed7e0fd687742,0.278592200437638
ck_b0fe4b92fc70f72c,0.011649423767572492
ck_84d62b8196da2452,0.04291204157995412
ck_9e298cae167f4693,0.025114495923625295
ck_405b20ef9ad0ba5f,0.33039533895231293
ck_813e02e1ababd177,0.1137481370204667
ck_f234ab47061ba7c0,0.008857433908898841
ck_22b587c18363899a,0.12034352613201398
ck_4e862c2f48c38aeb,0.02561909142859695
ck_b89cb90a420c9075,0.06381869807784164
ck_be2251640f27a3c9,0.4833871257676755
ck_46bec0bff167ed3f,0.10956358992549627
ck_c0032232c2868328,0.03836443482039558
ck_030cf09525dba4ba,0.015112134943395718
ck_6ecf56236789fc09,0.9819367137499294
ck_38d4ed52cbe6d123,0.1310833289444691
ck_2d923d957ffd4d53,0.030296455383512975
ck_3af1eb88728ed8c7,0.06438286907821396
ck_2f8120ca80a1592c,0.0770307330080457
ck_6cabb1a133f0b151,0.10013322406506053
ck_bb6cf7e7b707731d,0.9283380709353991
ck_c8307fecafa90140,0.11614122992238377
ck_75f968be67f46d24,0.10639057954220309
ck_df6fe4ec5a233213,0.020369085810639096
ck_b53e88c0e927d896,0.0048536605515340815
ck_f0093064aa28f4d0,0.09840985958819208
ck_ec9976cabc63ff92,0.006944153031641955
ck_30dac0a58c5590cb,0.7890911893379663
ck_348a525791ae6475,0.14391736230294702
ck_b898d912d1181ef9,0.10289006789784871
ck_f5b1200dc6f95760,0.23785863997319315
ck_54978a073e7a0b1a,0.032939901316528186
ck_55933936536a4071,0.021523371438280935
ck_d6ba7ffd2ae08863,0.046802857369751934
ck_404e2217fd87fdd2,0.01034834379572992
ck_dfaafdaefa5716b6,0.21550880564715785
ck_556c62e92d4e7e5b,0.3870301619387084
ck_7ce44f4e06d58111,0.6628800518275705
ck_465cb8ce232c7670,0.02808213890148884
ck_237508ca4fb37268,0.38588585013498394
ck_ba4a6b9aa63964ef,0.08188741975732809
ck_4802a0a7a1882c88,0.6163041733568798
ck_9478dfe4114c30f6,0.03379465623505845
ck_5138f6c575dec64c,0.11058831768191821
ck_aebb42afe430e2e9,0.04745210195129383
ck_004efa95555437e9,0.062424897346906705
ck_11af112667c98394,0.09246071582132201
ck_44e9a18a8645c9d3,0.011979722961674719
ck_2605fd571219e28d,0.004271995257678218
ck_dfc933493561d84f,0.07904724254830102
ck_67674348e68d1f25,0.038892411615519255
ck_dd97429277a2fa00,0.155022964684625
ck_d3eab7a06eb48348,0.2831666845477445
ck_0b9fcff9667ec05a,0.12942754747819127
ck_fc4bfd6e739bddea,0.019791742982251604
ck_43292f70a03ddf2b,0.3101701013862008
ck_5ff6108056a3fef5,0.028642037976217775
ck_767e0be086b5f601,0.10855870135470032
ck_b8465b1a5666155b,0.18622434853146574
ck_ab2e3fc56f5b3aae,0.20793585056047503
ck_1833c81d693c1e07,0.9673349689803042
ck_0308e0602b856445,0.030114246885390245
ck_ccbdfe744acff8bb,0.08700373214195363
ck_b294aa27a0b586d7,0.006412066971513837
ck_a3747201f377626d,0.9874451363911895
ck_edde1d7d1db24725,0.14194598944683331
ck_ae3b47d6e1063704,0.06272176567394115
ck_3aabf5e0f4defb41,0.02114283331331323
ck_f034adb57391f3d7,0.18873929690523902
ck_533672fb40531607,0.2706381451729593
ck_2a244f1ae08ef83c,0.06728370604932625
ck_a35d81bcc54ece2f,0.08202542915470182
ck_78a61215675b38f0,0.04601247947209885
ck_e013d88ea7939616,0.09741395577758043
ck_e5018f9418e0102e,0.19977918091726066
ck_d4e024fcda401a31,0.020931593651691824
ck_f736cffbdb82db34,0.0015290684666637014
ck_1507f5aa50cdf3a0,0.12348888856423826
ck_18270fee7c8fcee8,0.03448979204638142
ck_95ffa1a805a1c9d1,0.005982084246228961
ck_11132d245b94d045,0.021901536030799088
ck_7b93a622e40d8b14,0.14003748954432924
ck_3854c08d17704347,0.22430953557832525
ck_7717fcb100dc4b5f,0.16849651676892263
ck_ba54e0a1c328119b,0.9065141655262087
ck_a7afdac4ecbf2de4,0.8500341485455994
ck_ecfb771ed2352085,0.024828585529568695
ck_68be4fefc85a6b64,0.8439019488873053
ck_dac7c50bd6d0148f,0.03202276830962724
ck_87cf36a03bd63c24,0.5896085202144747
ck_8adb40b168b59d7c,0.09496995048893009
ck_8d2f62930777416b,0.2915888256352473
ck_9958b58da9e3c21c,0.1222567521149405
ck_9440335375701f44,0.1396807544215205
ck_e2f88e202b6f700a,0.07475011090856222
ck_4c7c50684827a2cf,0.012342754207893858
ck_8a6ea4a79b1c7a8e,0.03583206717396697
ck_186dbff4b24a3bbf,0.40454125511278266
ck_220fda3c11c59b6c,0.3878884637780737
ck_3acccc69f8b1fd14,0.07976129069595801
ck_9de191bf79afd676,0.06398428163043594
ck_6de6b1663f9457f4,0.011202989442548952
ck_062754f8b79b86e5,0.009316216428085188
ck_aa153a89a52f7eb5,0.11999554166799081
ck_34a6bd3be642f15c,0.11248046740471344
ck_9371c700d9830326,0.0775608941294661
ck_a99e0c258ad7576b,0.02683064606578188
ck_0a7ba51d626e932a,0.10181859829689732
ck_852c50bbba1ead13,0.11840885890745173
ck_43dc13b6b6d31297,0.26232428532848656
ck_7d81b59d615a6649,0.1394118294511252
ck_39a3f1da060e88bf,0.18891746654857833
ck_6fb2d142c09ed3ed,0.09549238203052904
ck_6e5752b87324b58c,0.030692215513896844
ck_9441d48a12e8a4bf,0.6216277576670272
ck_09e9c51eb538b255,0.040961991504382
ck_8d0cd981ed3a183a,0.19143665080593938
ck_57c07c45269ca8c0,0.22401631849536954
ck_ccfc9ab888ba933d,0.04686716510792417
ck_9658a6ef471053f0,0.050756867876869956
ck_dac3852758f4ea89,0.006827074049639762
ck_b1ed2278f5f14d82,0.2869192171374785
ck_333544d173524f70,0.27176706757620156
ck_fd4582e3853ef23f,0.08658148855871757
ck_614d936cef98db04,0.005940756909840833
ck_6bc351a3d57aac54,0.11115711615596156
ck_af5842fa7202ff25,0.0766271678146866
ck_81307759252571be,0.05712097626753954
ck_b4d2f02d2cd45720,0.5118616599624158
ck_1bd753a4681946c8,0.9846248954817158
ck_46d8c029d46867b2,0.006549841646324582
ck_b7da6640fa2f49cf,0.3761376284354621
ck_9ea3d5a5a91fef9f,0.4481701494324002
ck_7b922518f667f76a,0.0030027008467153936
ck_2a5b31594206eb30,0.6496536086492971
ck_d9506476ad3f9e08,0.025157022569627666
ck_c8791f7ebd4d93c7,0.29307459137096115
ck_b5a3e20fd210017d,0.10922776789192314
ck_8e54386f4fe22cad,0.08367262652772685
ck_75296704f5806f56,0.06986727946824985
ck_0fbbc7a6af300368,0.018036704024706352
ck_d19bf4dc0627113d,0.014390004046790566
ck_7951bd4eb99a0175,0.018731909883680842
ck_059e4fac6b7f704e,0.046351796335181314
ck_2ce8931af02a2ce3,0.06635033867863734
ck_9e665618a4860306,0.014144863669603028
ck_6fce5a893613fd2c,0.006548378574731424
ck_9e3fbd04e3532f32,0.8863878264644857
ck_55f2ef0de3420e3e,0.40779714169844894
ck_8d87658a6f5d204c,0.9370924316967736
ck_6d6ac1f5dd882aa5,0.007733795773358473
ck_55d0c7012d7ef236,0.321596223532721
ck_7738eb085e5753d6,0.05451009070775182
ck_0e6e05c3cc8c8242,0.15608580024945398
ck_8d27ff8383d48132,0.031159520906018843
ck_9afc3bb849f3a64d,0.20053900952109363
ck_27eb86a9898cdfe3,0.03175193263612329
ck_1d40e4fc541abe93,0.46061057457926063
ck_4fd9dc00e1913587,0.9513446998618947
ck_b26cdb2b7b165d2e,0.09689410684561699
ck_a79a27767a02e31f,0.05024045033648376
ck_f0c18cb9f951a71e,0.16660178676347
ck_50460e0189de6274,0.9654558393942541
ck_5e5280539257c986,0.023326509301599786
ck_eeb854318b3a6f0a,0.02722229289063183
ck_943f66f28dd24750,0.005779298977091715
ck_984dd7452aee372d,0.1845097221515354
ck_ecaa6de0aca5e9a0,0.14936917502056604
ck_8f1cbc432e2774f8,0.3782566134708299
ck_d91d9f8445b9769a,0.8388794891167646
ck_73c18e03e3c7612e,0.0127957374620705
ck_aded05ada490da20,0.11078068284187631
ck_f744e208183971f8,0.02146063316696407
ck_02d4cef6358ad3b7,0.022025054486165166
ck_08ff5bd467226a5f,0.012221716333977622
ck_f824b326d5089885,0.6786404135478374
ck_3420f2fd520890f3,0.04489513169400525
ck_1838cf8d00f5b1e1,0.03974199721756365
ck_a85182ad90b6f1e1,0.008282112553838152
ck_fecb39c82c43e76d,0.006188466439454795
ck_162513e73782929f,0.24355705308636058
ck_2c27b77c59d8f23b,0.4018668627957052
ck_4221e07b17388fd3,0.5237343457031116
ck_adfb8472d5c3d669,0.17290292757790446
ck_0742fe64055d686f,0.009368141041324775
ck_5060aefcc8b6f958,0.149760910283888
ck_643f549b4ac78a26,0.5428973062260481
ck_dba767885bd6ad69,0.04472008409587454
ck_0dda35c0c64c7073,0.9771832857548006
ck_38ea56d43afa5660,0.07467988846415333
ck_d813e15ac91f487c,0.3372720783767612
ck_4c840e5585a7b167,0.7748464907202554
ck_cb8551453a7bb929,0.01622795489195747
ck_05a00b1dd5a03359,0.03304392080593535
ck_837cc7fd48453a01,0.02856552988751767
ck_49dd816b31fba6b6,0.6508402323691448
ck_86a61d9a39768e87,0.08232067879791823
ck_cd0e76f0e7bb38cc,0.12748892787766217
ck_dbe58392635133ca,0.2311962326303807
ck_3caec7dd6f8d02c9,0.12995927849451702
ck_bfd9bfc5b6ab4a54,0.23234379798188548
ck_2103399bdb2898a6,0.04405226701684095
ck_329f7de7279e74c5,0.06788533897957441
ck_9bf0d28119fc42c8,0.15679590387272432
ck_f781539b1042dc83,0.021379281657858504
ck_9986c7d781ac6b4e,0.05549995824048279
ck_a627734880aca848,0.013792969446114986
ck_2106e509d77fdb4a,0.7327010936805504
ck_420d1a9c604293ce,0.0735959531282572
ck_fce0610c527e2b56,0.10552542388576623
ck_073da541ec3f9d3d,0.05247922616067335
ck_aa5f3ab48c17fed8,0.5601714084081162
ck_0fc1086e1c9e04b6,0.019628773839752246
ck_5c33bb46c1a5945b,0.11978555651144983
ck_500948a8d4bd8e13,0.1369647559263432
ck_19becd44f2c3d2b5,0.31128517357459673
ck_7d0fe77dd5ddb656,0.18537530166964192
ck_f158d9e5f101bb35,0.15459416368365286
ck_cdd7c77823c2257f,0.3053260030146671
ck_6c7b41374f9b2e55,0.021770661113471146
ck_417090dbffb1a63c,0.21181596779729545
ck_dd0e17605f970319,0.03941201603066769
ck_3646515079e6be55,0.05797321474562448
ck_89c8b06aa8c84b2d,0.39174536486898887
ck_e4d6dedd97233c07,0.08617120069899031
ck_bc82fb1895fddde5,0.011388958980506294
ck_88a8b1d442ca3686,0.05855904802906716
ck_5791f8f76a629a4f,0.32340990775823203
ck_9cf5e88e97c8c7ea,0.10089896892700305
ck_58fd684aa5a6f289,0.003160198365071154
ck_9800c21dfbd8e811,0.016750086485469877
ck_8ae64df60ab6ccda,0.4153647558980647
ck_e535fb0f0c00418d,0.2218671629364236
ck_48011996d54855ac,0.857561041637803
ck_ac79c72a8fe3fdef,0.06897383517519526
ck_b8cc2df5192bc49b,0.13179869387503507
ck_e96a5e1f08f8a867,0.05466511112528455
ck_84df6770549e43fa,0.08544225849110479
ck_e5f7b99ba6ec5767,0.14325459505515206
ck_8347455ab53ff620,0.03617343328109755
ck_a84f2cdf695a71d6,0.025573880400503415
ck_90456160115f9ef4,0.013779934135188132
ck_ebd178b3f3a9c50c,0.058089346469334495
ck_e1140be6157bacbe,0.012698098792530511
ck_744ffc11d32b96bc,0.029999465337719113
ck_e12a9f7d027e3387,0.09618001112687666
ck_cbe525da0b69f18a,0.13155502399329744
ck_aa59702537557ff1,0.057357193473352164
ck_0348cc6908f7f3af,0.006219246580114501
ck_120e995d50956bee,0.33432880019185535
ck_9fcde1ff46cbbea5,0.02815396657516363
ck_54b0b070689c50d6,0.0044227533470911585
ck_966a167758fddfd4,0.17214761772283457
ck_d5194f2e92fd6427,0.06551006812257826
ck_2ee84f3fa27f2cb8,0.10024012687289635
ck_57d0a7eb7eae2eaf,0.2332346294697778
ck_6a2c4edd82e10969,0.014428965166809832
ck_96e4d38ef670eaff,0.07093985086842534
ck_52cc2fd5095b169d,0.04402980582210994
ck_4b088920f3a844c1,0.1304339799848061
ck_8f3ccbd20d59f1f4,0.01476884984100765
ck_e5e5dc431bed6f9d,0.05348079061783392
ck_e8b5bfa6838e28d1,0.06864367195505879
ck_4bfeb78b47b7c6a1,0.20821389833372578
ck_a705c61bd679496f,0.05653077263699965
ck_731869a0c39cb2fe,0.06632625463987661
ck_259eb102342057ea,0.013633296394331884
ck_47a6005fabc33551,0.033931646854836385
ck_682262b455a9edd4,0.008389483764595545
ck_e839d104854945f0,0.043467346454282775
ck_761989aa4c47d746,0.14190787588092885
ck_44211dc210139ed3,0.015733885320037364
ck_9915ceedf63a5289,0.37327670136378355
ck_da59ab47cb6284ad,0.00810674058341144
ck_e5cdbfcca2456652,0.01644712645300359
ck_13f2560c6a1ec62f,0.10506342736854225
ck_a0543e9b3abe1001,0.0718044369956583
ck_11c7a58e09e6547b,0.3454396130368534
ck_69587a134d43a4ad,0.24079142940460674
ck_28dc0de0ae291f37,0.0933429239610445
ck_298922703c5bbe05,0.13147009341982063
ck_fa5ba9ed9ed6a343,0.1208963234820478
ck_c08e64d424e56c05,0.04802768220364118
ck_598e036a28262aeb,0.2848406542765638
ck_3f7c870510083a51,0.11720603792647429
ck_364f8203a3e98d36,0.8399335978009205
ck_7333cedb61506ead,0.06433288443356097
ck_1d96d7fd65f208b2,0.15365961634599717
ck_63133a79f23e2627,0.15954713792526667
ck_901d820e0b72abae,0.0058964453830868
ck_5dd80b3c01457bd8,0.054336491356256435
ck_c0b8067c144ed6c1,0.11727533585572694
ck_cebb8aa8c8f62c60,0.014292840513268727
ck_79749eca42ff1f5f,0.08974445070028307
ck_2cc1d9b587f6da31,0.5017879395512153
ck_ccc7916b56d42195,0.057588202584375456
ck_e43e53cc7b8b8e41,0.053040434843001145
ck_4ab74a6e7450416c,0.007798299651310196
ck_6e44024e9de301c6,0.008512035194936048
ck_dd78cb6ae2866cc6,0.057626955282517774
ck_c363d3b050baf3b8,0.1473635227420606
ck_2d46291975f0dd08,0.011854748023936155
ck_76ebeb5aee42f041,0.14040531720250768
ck_8395f004cf4d4c08,0.008256217369458557
ck_de7259c3741db179,0.23759216168662908
ck_3938e92585df2b34,0.0714309302102425
ck_af69bfcf4f07d932,0.09739525509598676
ck_1723900ab9afe374,0.28658678525918424
ck_3d58628d1c853c8a,0.02289286280370471
ck_12a074db100481cf,0.2550406887607754
ck_8716cbf892c50e29,0.04246041327337373
ck_fbf7351958ad9615,0.0402906105141946
ck_a50370907e6b397c,0.1995670509401264
ck_937402a60df0821c,0.01784138122746167
ck_8ce9c5807acbef48,0.04505420719923736
ck_acf7d65eaaa4c31c,0.008538840618508396
ck_ec3eb6dd0967cac5,0.0673827585975986
ck_fc832b0c90c9bdb9,0.9741032291770957
ck_8129e81cde280131,0.04292230432914893
ck_52c0ef68aa2fb8cf,0.04912120506609026
ck_06f042e9b1b662fd,0.28496330965141947
ck_0bf35dcf7b38f650,0.015557949197274603
ck_615763afc2e17a7f,0.017102371523933797
ck_e72db9d4b2fc9997,0.9857096968170301
ck_13757bf0eeb353e2,0.07170798555524303
ck_abaf371ec8249c4a,0.2947337840283383
ck_9b7167da0920c37b,0.44383325922158146
ck_2e824b0b27494a17,0.16596937764914202
ck_9a0b605e9c3220c4,0.1017591040978945
ck_a5276af466b681de,0.02819825174707473
ck_9e0383e1fb6e214d,0.3233844174959832
ck_6a27c44b691dbfac,0.024887322225418784
ck_af39767cf583905b,0.09558098191854732
ck_243b1b9fdd3f9a74,0.013866539408094672
ck_c0422e638a9c6046,0.11778174828529502
ck_e0f3ea3373dfc4aa,0.15575102668868784
ck_d56ee1654378ffc7,0.232183902828164
ck_20cd2f5666719baa,0.0037668822377441486
ck_4dfa1c1e9b69fcc8,0.1076770324034555
ck_5d22e9ca1d15180b,0.7804164601731161
ck_f4a7ac178fd55f0e,0.02001812912754229
ck_fd5609bd23a1eaf8,0.021803284657431084
ck_49c3bf13dc9471ce,0.10802563034233867
ck_724085c3452d4693,0.6411812310453738
ck_e5d1462846154a75,0.11949053227197036
ck_c69ef0f3e7d6acf9,0.1341685215819718
ck_a2d0417791d4132d,0.02259610770751796
ck_00a07fc2a9183c3a,0.006776021245704641
ck_781b8288e54ba8f8,0.57208599642123
ck_d74a62ab3804a81b,0.024204649182989348
ck_abcbde211b6267f8,0.16125926695057005
ck_16dbafc035574654,0.028014644997401385
ck_018f780215ecaf38,0.08963627767521509
ck_0b259620eac51618,0.027521344407363604
ck_4f875342394c110f,0.08634430048764073
ck_399e45e5fe9beaee,0.061340026369851676
ck_36224a2d394ebfe4,0.342726726509185
ck_c189b551bd111332,0.004729055546818763
ck_125c5a720ecb177a,0.4256578852561014
ck_76d010aa02eb477a,0.013524584845067491
ck_1071d14c46c92379,0.8039546512337012
ck_61d244b2cde483af,0.11247722626161785
ck_2ff1860da2004c84,0.012862355794609967
ck_c5b583490198672d,0.048169512822518794
ck_1294f7af22fade11,0.1995455322182592
ck_e3a22799716df39d,0.012404652462882354
ck_c77e22834ef97005,0.8635841478244822
ck_73d3689728270a2b,0.019523826082902707
ck_295565fbf77ef885,0.029346631431520446
ck_80c0a7f54ff4895d,0.019221939139848595
ck_f1ef5cf7f10b16c8,0.14572337329434376
ck_a958b2461ffc21a2,0.6059753655525365
ck_0e7899a57cd617d6,0.01885412284353593
ck_9d4fed252718f58a,0.08216706301867079
ck_83c2c34add971d76,0.01173706671619972
ck_9ccc030ba2de9fb2,0.16455076988417122
ck_cd691e3466fb3742,0.0163158195930917
ck_49df70f908dfd069,0.5707769797928404
ck_362ce13eec1e33a0,0.006206769604947078
ck_2452a30397dfc54c,0.043085693191282186
ck_a443d49c2b4863b0,0.07758316529914813
ck_c8b2e2cb349dd0ff,0.08991054341818937
ck_354909fecf5da8cf,0.09996816877855552
ck_841f598bbd54c83f,0.2566834854338687
ck_cd6fbd4e8724f994,0.12184381096804045
ck_e0b3158111370118,0.12447095031579282
ck_4c2f2eb657c2c60e,0.025779235656303766
ck_ef346071f0b7654b,0.08415295674066134
ck_f3bc10e3decefce4,0.014542435425933422
ck_189b6fbe9b9192e7,0.25404830790617766
ck_5245cbc5ff4d4fa6,0.14447368159792537
ck_cb42e3be6fe87f60,0.015605378806629006
ck_966d4d713cbc7792,0.010065322427595473
ck_1c8c969667cbaab2,0.8960570321005249
ck_d35e3aa9ef5d405e,0.45186544066703094
ck_a1c39df50a5873b3,0.19699151622962652
ck_a152165caf295b51,0.07418829039750154
ck_891eaedae139828e,0.06812428665963559
ck_1a46b56f4734d52e,0.01475507052715232
ck_5e36042cfad96c99,0.37068581042863263
ck_02a8582c2603e675,0.03571535305597762
ck_6def9d0429e4ed4b,0.16757688724208192
ck_e137400825a1e3e6,0.11171772879631985
ck_d91ab840848a54fc,0.02774016516063579
ck_becb6e1c608e0078,0.017231423970024317
ck_6fd8c86ac719d7eb,0.13847300522354164
ck_3ed4d13f12fd9d0e,0.24258267971774988
ck_007337aa99a4891e,0.008903547424694154
ck_60c3d8306527a08d,0.007529885552115013
ck_95458880a54df0b1,0.3568111161257124
ck_b48cd8593533fc1d,0.9104552592037742
ck_021c6a4a7e3f1f0e,0.010312367739978444
ck_764d40f865e710af,0.09079463530762368
ck_4b84357ae8ec7777,0.08109646884450482
ck_3397c7856b4669a5,0.010868093854223031
ck_920bb003b42e6310,0.014315376480384912
ck_8f59f11b512d5b7c,0.3191067920598439
ck_a3acf4b986afa98b,0.3082215843156626
ck_e89d25ed7bdeeaea,0.01705745616911558
ck_70e6bca473bf6902,0.035331334709068456
ck_186161ce152836f5,0.1264221588497341
ck_9191579254663f5d,0.03652926284429119
ck_1e6628879e9d653c,0.10548733617902299
ck_b498fa91a0776ff6,0.10995544160110192
ck_cfc2384f22954830,0.14722839733347393
ck_17673a1c2867888a,0.012715928378095868
ck_523dce06515b072d,0.1675657791520497
ck_c20638a325ead2e4,0.012867996386181168
ck_d3877e1f907cc148,0.16564099353717093
ck_e9a2495dea8675e2,0.13415081612354854
ck_7e561caa5fa1f3f1,0.18535205874545413
ck_455672e652fe1abc,0.9733871095883132
ck_7f8f864fcc90ca82,0.1357165338668683
ck_1ad36046aaeb816c,0.025582312853165902
ck_de056e37c82e8e00,0.14640586191910754
ck_7484c214c889fe7f,0.19500791042940763
ck_32430e678c4f9f53,0.021760973070985238
ck_6276ece8f80ea799,0.05129854310440523
ck_ae8e5dc4b725bc25,0.08059724261761196
ck_f01be92dc78a2dc7,0.04612660399734148
ck_233397a8bd40d38d,0.014567540000530808
ck_f8124911450fdf31,0.9422462196086938
ck_aa0a3179f1111674,0.033383033833372884
ck_2366b29ed9887a5e,0.00741455615683456
ck_1f22f04dfc08cf27,0.03958557504219902
ck_b62276c3426d680c,0.07656667149383314
ck_d099fca88691f66f,0.20913323540704531
ck_166bd1dcbaf4d6fa,0.013258752168901163
ck_7b1660e942436e12,0.06655704896344732
ck_4a9a791a1d409a3d,0.2441469345533935
ck_b003e5b54df65db4,0.238583012586046
ck_64b4dcbf436f0b75,0.05833553620070941
ck_26e9a7bb2061a58e,0.2086045655011916
ck_08b77ad5f8f73007,0.06589889789417287
ck_366616a725afc6bd,0.1445839586559445
ck_934fb5064b6eefe2,0.013471416650887982
ck_c6abd5d57b1009d2,0.006636081198540458
ck_edcfa9e1cf29d813,0.11733998551390273
ck_c30201ebd003fdc7,0.03724605959513045
ck_c54643d94d3ce355,0.1356462312949675
ck_02adda6e91e49650,0.13308436943378257
ck_5b73d7c5255e58a3,0.27007938403493204
ck_129ffae92dc01408,0.005107937649846004
ck_fa321945ebedb916,0.2257549652348093
ck_8da980cb2e1e2bfb,0.11111352123837058
ck_0576b00d728bdf19,0.07768580553959792
ck_c543d82e22b3c8a5,0.006753109687320742
ck_0027ba644f9ae2cd,0.48649931611180375
ck_8dbf61df902a6bbc,0.017593757253882184
ck_90eeca1cda79fd41,0.009939034619630667
ck_86d7127391d4e01f,0.00641630135129993
ck_73762038c7ff2f6f,0.00992543939729016
ck_a1484e6215fac651,0.8785958949833985
ck_cb83b9f806e90dc6,0.6161307696900221
ck_8c6f059c95872126,0.013912442770783835
ck_3174419a81e7caf2,0.017632362203139323
ck_6a0f8f8fa4a3c2bc,0.056358588970460574
ck_b5777605668bfca1,0.008634451982030597
ck_27e4de495abb4d15,0.009525172428974599
ck_7f6fa79c7a107161,0.06710282493221606
ck_c36ed9f8e6792ea4,0.06442779249821319
ck_67a1aa88d2ea554a,0.1366783264484832
ck_09748dfe4df3d540,0.03225650837979941
ck_27fd85b1e38b675a,0.0157012903930572
ck_2369689bd795ee10,0.051460236357118445
ck_4eb1c12f7d092bac,0.005457467821705157
ck_01fbafc42c8e33f5,0.06855574029770456
ck_93c4e05699b3b7d0,0.023050451297644048
ck_afc484d1b6907983,0.10264898306998306
ck_1b2d9cae92a1aab1,0.13107713410609373
ck_73b729cb161487f2,0.04243771249340715
ck_fe3c1d0ac090d960,0.6519271900443449
ck_408efac1d3885ff8,0.11836288115551712
ck_ccb4dd9d0a48a76e,0.06860371157783333
ck_2987eab34ca7805d,0.05488081125584844
ck_1dbf1f15193197db,0.235033123221312
ck_4ed711fe4053e74d,0.1945504878814027
ck_6c54adce174f45f4,0.003370005238939064
ck_a6c740041faf0bd5,0.05235011196214366
ck_b05c4d33c4f43639,0.23584314123701353
ck_032880f1114dd51c,0.13116573860204664
ck_22311b037456a76e,0.006677388968168595
ck_5866b413549765bf,0.03176452412169139
ck_0e808afe2570ecac,0.07109089174893175
ck_634276b05f4381f8,0.0744336661464216
ck_5d8773badd0d4740,0.04165471554209512
ck_82b5b79ce3517102,0.8986505073227058
ck_b378b8d8100ee4b1,0.09811894016108857
ck_54e581f71be5430d,0.008954066432746254
ck_798ba4b8aa544fea,0.009307862646141613
ck_3fe86b6331ff95e3,0.5435866977309862
ck_81275d9d4c559e6f,0.045273163571784514
ck_99a4e5ef02d89493,0.2275972017882718
ck_54e2eb018d947790,0.0804613058609657
ck_966901ea9c77cc02,0.051241322987040844
ck_27d69ff4e0cb428c,0.4354417043218144
ck_2cee2dd7bbfc09a0,0.9850788978930979
ck_4136b00924695ab4,0.002968607865199603
ck_59a164c40c03a45f,0.08986529615518672
ck_3e24b026bc66789b,0.0031819573522352926
ck_8105bcf69a75ee47,0.07336127836019385
ck_7a1782cefe26a456,0.12585877652816993
ck_970c7dc195161272,0.008993841124955172
ck_a48ec0c00ae20e82,0.09874522947367234
ck_54b374ade34e1dc1,0.013839483795286983
ck_74e5dec189761d14,0.021712853877234334
ck_4717f24f2c6f40e1,0.34986680551186644
ck_fc8cd8a8209e802d,0.046128989486080345
ck_71db4131d7efe218,0.018175231599248828
ck_45424ea6f0bc4650,0.46703724466588814
ck_3716c6181a5035bc,0.11767975545381919
ck_26de14b96bdad4f6,0.12499414618473106
ck_99c0a41ac9c73857,0.021075056017474836
ck_645f15bbbcff3b4f,0.9852330722417866
ck_b7e25ddd41514d4c,0.0046147958403169025
ck_d5c14e877ca7b755,0.024220791109295235
ck_05ea4440dac6cfad,0.09216840420590294
ck_c58bafff7b1955cc,0.15168137847058744
ck_f0cf85b67a9b840f,0.09194507956754312
ck_ce1500a7f0d03fba,0.04630526761746354
ck_d4972a775aadbbc8,0.022213978848117398
ck_3eb6146c262e0fc3,0.0036838727847262704
ck_afb23858a4ef42ed,0.984122095207384
ck_2c1def5c91c52a5b,0.5876945148750908
ck_72e550559487b919,0.01812062425006396
ck_0284dc2b4f856b3a,0.6977120128944805
ck_03be334935e999a2,0.03440262709063775
ck_e35a4b4a3cb4cedf,0.06508728190135708
ck_5abe57dfff4b735c,0.04481686154457023
ck_f5f87f772388efa0,0.2404213098361616
ck_5a22cb36d612236e,0.011011563996196308
ck_8ff1e6028e764472,0.8250951982188026
ck_2ab28149b0986642,0.26822539590361194
ck_c88fc1bac79fa6d3,0.3894300771885082
ck_5b137d74bba6b1b4,0.010965591468393317
ck_11f362dca2dfaf5a,0.05305843979373154
ck_7f960541e5174565,0.04328891233315554
ck_d5458ba39ae94498,0.09623672241719229
ck_0a921a73a90c2e39,0.12678959783531962
ck_6ad56ef40086dbe4,0.08276592766662144
ck_b68199ecccf2350c,0.011965469032037594
ck_6dac66c8198c07d8,0.07606872344699833
ck_9b9ce7bebc235fe8,0.021327619924783547
ck_6b817117d87063a8,0.03713718308746891
ck_900d62b3184378c7,0.019616710865465122
ck_eafe9b89857149b5,0.18046937190142529
ck_e74716a525ee5b24,0.007157812368995226
ck_4e9a6f06ab134102,0.03692870696072336
ck_b0d33b5a3716661d,0.026814619168473164
ck_8703543bf3134306,0.03228104673477181
ck_923d6a0f83accef1,0.1484011716116184
ck_52e37e2170532e2a,0.44315947613656215
ck_c1c5ea839c58958a,0.10071180798573777
ck_660f0006780e87e7,0.05274151598474708
ck_830b2c5d1818ac07,0.3621534857747545
ck_b080ff636932d1f1,0.0033187518261287973
ck_38730aace405f2ae,0.9833163196368917
ck_9790138467a06223,0.003920299105996403
ck_10de0b0d86b17839,0.026286299047209815
ck_c3e37a4d3382c32e,0.007432829824442518
ck_dd8edfefa1eba531,0.005360613499142025
ck_8153cdadd300d234,0.015930521621985813
ck_74d0e7c2c6b63d36,0.9771205266767856
ck_c478aae3031bb328,0.04971214651738539
ck_cf301f2194975866,0.0332915060029553
ck_f4de03f44e3a5bd5,0.027105562664299067
ck_b06ce826e593b210,0.26675625643582984
ck_2fc70b6baf6a0e26,0.01857692514364211
ck_d208494cf5c90047,0.18197883445656102
ck_086d29ccae565e5d,0.007910063395015118
ck_d5ef6dc116dee408,0.07800806934669893
ck_fdf0c5b722d83464,0.11360674266410635
ck_de8494b13adeffb5,0.019476700265768948
ck_556786868599143b,0.07882807956294473
ck_4940e78cbdcfecf3,0.09976795279154711
ck_d32fbbfe32c00416,0.11534508914201061
ck_bc7710f7e9fae649,0.012720494744893234
ck_416f7ac57da081a3,0.04391429772204115
ck_6fb39b60c67d5475,0.012737668944721033
ck_e40a156511345d6a,0.021202216575293146
ck_49ab879b5aa7fccd,0.3674151227027478
ck_bb643194d1cbc47c,0.9516282862859617
ck_b3ce8f1bcedfa043,0.026299359331394722
ck_558ebde8c29132a4,0.057895041972246986
ck_e6222925762273b8,0.2704145636950527
ck_bd80546b4807dd59,0.02178502642777502
ck_bd21164bd2bbb635,0.09621433039296641
ck_ea835557d7043667,0.014508221026549696
ck_1411a80a157ff39c,0.15839037901010583
ck_ab973888c20c9120,0.5245153194818595
ck_95b48972061abe82,0.06311680915043973
ck_fc4a43f8876bf10f,0.5121064051668995
ck_f34fb7ccf82f41e5,0.048593369766885254
ck_5af9934a56801ac0,0.04702724610752027
ck_fc7445ec76389a58,0.48394109636137667
ck_1eeacc26f02fbba4,0.4642341996454
ck_4f325dd15c9bd45c,0.34224519248378404
ck_5009a6c8bbaf15ba,0.1788412228887251
ck_0f3de7f074bb33af,0.030883839763260226
ck_2cbc2f93a32eede8,0.16701327808501018
ck_4bb90a61c21a303b,0.018761110040071746
ck_3ade9eac7d7b0dbf,0.22045641795196663
ck_4859a58629622915,0.09179439431741772
ck_5fed957287ebca03,0.014193794093403815
ck_ec01ae5351500355,0.00957364522773051
ck_703b41624ae6a5b6,0.010048475070491438
ck_97c38e7f61c27e47,0.1487363041916073
ck_db2c0908150cb2cc,0.18734591950815915
ck_64ac5e6fed86ab60,0.9229788239135052
ck_da1c853b0a061e83,0.07249217305945158
ck_9a36916b60178ded,0.9778304317026661
ck_3715bfa7fed2c675,0.013054672430623974
ck_dd3feb77d7d4f6d3,0.09439767720441625
ck_982ebb24174a4ade,0.04371039088166043
ck_f6b7a10d47dd9a1f,0.10326449528712738
ck_1f56fe99f250cdf4,0.23653014068243836
ck_deb3ac0606d6f6db,0.07658660205454697
ck_e666629e5a41b39b,0.13782924869850366
ck_756d2c13d02b3e09,0.11620515741852612
ck_7bc752ae7cf5d55f,0.06848754781729349
ck_fc0cc4b25e6a8194,0.05070542998869774
ck_9b2b0e286de78a1b,0.0754387137252293
ck_24b0803447211bf3,0.10446512358127058
ck_82eed68d05a42128,0.18015166798260873
ck_c8a03c516ed5b05c,0.45600460634561557
ck_e914974cee1bccb1,0.03917119453861987
ck_0c533ff2d0f9962a,0.15512734793392005
ck_c12805fa5d970a83,0.13479083123909597
ck_fc2cb29918631f10,0.5312644745747359
ck_c20e89afe575549b,0.012913372411146446
ck_e1ff9e31becc27ae,0.3394476164380143
ck_18116d0ac08f1996,0.9816035424606949
ck_885a83975cea5e64,0.006592708571287416
ck_a0c3059a959ba5d1,0.3045375500708869
ck_75257ca7d7da2861,0.06172553180136365
ck_2210f7a0d13bdbef,0.21902140460565384
ck_9cbd9ecf8374f65f,0.060564586401869
ck_18f67c00ba21fbde,0.020657010888601515
ck_2d28f14d3973d8fb,0.005132201060783334
ck_8b3401b44aaae728,0.015641022167290564
ck_9d8e9ef37797d3af,0.8182279007792289
ck_9f50920c894f64e1,0.059129218039280784
ck_4737e0d56c6fa0a1,0.12384289953492295
ck_52c311f29ca3aca9,0.005945710601647061
ck_6a4981bc721df37a,0.06330590890666349
ck_823539d936c55fc6,0.003228210448566335
ck_df5aedb4118020bf,0.9721898104779862
ck_a911a066ff0f7b56,0.06020246147398237
ck_684609767df4a14b,0.5378806131720806
ck_f2350bf355dc919e,0.09241053312172762
ck_8452b6cf97c65a5e,0.08472978356529139
ck_084cd84501012218,0.9276596560700864
ck_ace6b72e5bf3e93b,0.7486448523140581
ck_2afdd69094c955c5,0.15655547230987132
ck_fa7d5be26bf7b31c,0.45104814269764426
ck_4b041217690fca2f,0.26731791704056546
ck_9fb8e3d38cdf276d,0.9145857540510814
ck_c1ee56d65a42f59f,0.1228519266909254
ck_fdeaa1cd085691f0,0.2982558527470654
ck_5de33a7a87e9aa62,0.24261197599424528
ck_7476e7fe1ff45545,0.10858678274145293
ck_b0a947b498e47018,0.0745297890790393
ck_e3894ed88a7977e4,0.01504453046794132
ck_c7e07ebfb0bc15f6,0.3422984764730978
ck_3a3daa8b376f2a18,0.007665410620497553
ck_87809324c2675b0a,0.07291443333924436
ck_7eb4f33260f1dcd4,0.072309408075833
ck_ab9f0e08af030060,0.0815034668127793
ck_5b8fc4a76f340797,0.1057967453691832
ck_0e7bf10ef49aa818,0.22793949123098275
ck_a44462a3853ac67e,0.9911047326354419
ck_2d14bcd2e0fc043d,0.01429019896735672
ck_df1f2dba802296be,0.9105574876714981
ck_466a7316eaf149b1,0.23986502296783552
ck_50df50af592b0c06,0.12909324383590973
ck_5f9e34c849704b95,0.012208420850911714
ck_7836bf6def26aa87,0.057426782829881715
ck_ba175b1bd8efaabf,0.009486795871619715
ck_1a0aac7f7b94b1be,0.3845956165224592
ck_6768c4b2aa8ce586,0.05088711732936069
ck_eefcf0ed15897898,0.038357151120065915
ck_7a6cb27e390b6ceb,0.045808957981428616
ck_5275be4e1577c1c7,0.005246021518773874
ck_6bc0e5b8c0b7d2bd,0.1590459021978102
ck_4874bdec79f9106c,0.10894289068824801
ck_a678731156ad7bd2,0.8225606345537797
ck_db906debc36a5d1e,0.23252737180223804
ck_e87897767c612942,0.12519513735261178
ck_45ed5ee496ef8a67,0.047301311586717396
ck_ae20e28f9854f3ee,0.2062662819992668
ck_9ee044b73943a90b,0.06564474500531002
ck_dab34cf6f0626c9b,0.09191336641968435
ck_64a02b7b96149810,0.014040556121445514
ck_c417d06f3e94685d,0.023181316190792674
ck_3e0149cdee4cb294,0.13610332539398406
ck_0e6046fc30f81705,0.09925627410211209
ck_c383aeabd53e9c89,0.12473803203997295
ck_2ef76f1f36e8b869,0.4545256313708478
ck_43948784650bb9ac,0.054358911231022024
ck_bdb966f43ac350ee,0.2354147888385851
ck_5bea0e0ee0b094cd,0.02468927718649217
ck_dff090f03ca5529e,0.018680529704699578
ck_a4691b57f837d88e,0.06697591079294879
ck_99ee90946395d74d,0.6209214708899241
ck_cc81dbc83a8879fd,0.03493192939532462
ck_f3dc0725621b3a35,0.01224543980922574
ck_1bb212d1288b9689,0.2211868085807928
ck_9e7278fc7679f002,0.17685548235523213
ck_3ded7a8720d7e311,0.01694101830685197
ck_798157bcdb9453e1,0.01751418152504528
ck_9fba80f56f357fe1,0.055710305347189445
ck_f1e1c8491f16f912,0.01758178064048019
ck_7b1319a5ca2f63c6,0.9944631226369534
ck_124432fd5c92af7e,0.9544900977451443
ck_148cb0c723284dc0,0.02266452330571318
ck_b56c62c950eda009,0.0059506277014231695
ck_a0498755cd8d7188,0.010879753581562646
ck_5379452a9d74efae,0.00540462972844747
ck_6c2453229d608183,0.07922105998112534
ck_f9d8b4813a88c1e6,0.07416982758821937
ck_c2c7d1e45a521857,0.1607600582276553
ck_4364a83a11743888,0.01763624801798745
ck_2cdf5fd97ba75e06,0.3867396978152488
ck_71bc01291e0533a0,0.132367365820753
ck_a725d7aed2a0bdc2,0.0512876163958216
ck_a9b0c4dbd7db6a91,0.1445156765021156
ck_a4258806a533efa9,0.09513933872139123
ck_905e460591d9a278,0.38434093507673417
ck_20de8abfd8960ee3,0.3116786091795974
ck_252b0a0f1119b220,0.010629393451379377
ck_95e4bef65c36af1a,0.00923227909281133
ck_5ab68b434ad53fea,0.09938834317635017
ck_13677a1957078827,0.009050949506314895
ck_d251e9fa09e542dd,0.9923029758562133
ck_700cb620f300dd47,0.06852270759264316
ck_39a68c55a1bd3ace,0.8127621361240873
ck_61a59a7944d6c53e,0.5730364124215447
ck_db6d1c6d31da967a,0.040326929179376705
ck_650020c500b1b50d,0.1067770284706522
ck_d812eb6930192793,0.013267941593824559
ck_92f6ebc11ebca89b,0.3396117699773996
ck_d87e26eb5bc84b01,0.016640280363624284
ck_66439e697695224c,0.008381920179885606
ck_f21efd504faa654c,0.023771337956744035
ck_15eed0f5652f0352,0.056257422069739965
ck_bcdbf57d98dc0d27,0.12468214781795867
ck_873ceb8004d3a9f7,0.33537045246600194
ck_70bef9ddd4bab005,0.02074123091191845
ck_7560f1891d66f294,0.00941228956071545
ck_f439f16f8693883f,0.1990391985662603
ck_14f9535e53f9c7a6,0.031152022431001465
ck_5984be472d2bc267,0.6435761468322362
ck_ed01be7504dc4187,0.18815478369532604
ck_dc3d8b5c17b67ae9,0.035578551943618184
ck_9dc23031b6b494af,0.10732742792965604
ck_fbdac0221bc03f66,0.12700592654735485
ck_863708a99b92ef0d,0.0778948358590056
ck_22b52654776a1ea8,0.8885632200561259
ck_a0714f98001efa0c,0.09985460980712821
ck_9c56114f84e9a541,0.14875155903252965
ck_e155cf506b2fb699,0.02049714426544051
ck_65ed7e72f24731e7,0.01679332662543801
ck_822d6e8e43befc72,0.541208980968259
ck_b1182471d9ac6b26,0.007468903246995257
ck_821446adc95e6da5,0.039992704934481225
ck_ff182f033134dbb8,0.10886289652178655
ck_9c5feef7647b0588,0.02620240437805391
ck_df935d8bdd44883e,0.08017494952803372
ck_01eb24c18ad11fca,0.3480404606891016
ck_00d6730134a1eb51,0.08595413032407878
ck_79ba8e85678d0224,0.1235918473751311
ck_97e3b04a1350f6e4,0.1589361568170517
ck_74e9747954a46eaa,0.0793432432702964
ck_397d5fcc9972f909,0.06022410371529807
ck_9ede89e8a43c3f53,0.4245613135795983
ck_303b33910d67f306,0.01574603979835805
ck_3c17841636f6f7dc,0.08686927119088456
ck_78730527f8ba1438,0.5711964962586543
ck_5ee32bc6bb5d1d4c,0.46872426617082563
ck_a13fee8cd925d0dc,0.1028786265413629
ck_6f847263379f2e43,0.3867692443466421
ck_9b9d9e579e7b55b2,0.2588340462290119
ck_87c1d0a79e79c84b,0.03773857641047816
ck_bfc453eabb472f91,0.035424184307061735
ck_978c21bb5fe3171e,0.09915339718764896
ck_dd882323474431d4,0.08871015612670508
ck_533c4f7400d5ab22,0.5876571952072316
ck_5f217bfe28954e75,0.9846591509237065
ck_ae96d35465b3b4bd,0.03076235847450528
ck_512ebe97c0af94dd,0.3938539614081873
ck_f558fe02bb0219b8,0.05510155278137333
ck_84092e23d5ef4d51,0.17344383108489578
ck_17d3022ca12eacd7,0.06949784046834998
ck_8a8f81bf3558fd9c,0.013855762521536632
ck_0ada6fed1864e7c4,0.14495021855981988
ck_21fe7bc59dcd78fb,0.014284690729556699
ck_e136e20c1c74fe38,0.029718491778349676
ck_e7a530e09d113dd7,0.36816194181189493
ck_7cb0c9ded4d63027,0.11831090685098303
ck_102db9615e722c9e,0.305773798114161
ck_129e39ddfde92eeb,0.004006933888824459
ck_d730ff21bfd7769d,0.08558574991066847
ck_54459b45d2be8459,0.041318397196182646
ck_7f1c20319eb60aa6,0.9818054157600901
ck_939fede90473e412,0.07855420869458768
ck_e0f9506a6d5f4a1a,0.03264859007108825
ck_9a4967cdf49265cd,0.7072369196368713
ck_b9eaf03453ac7d5f,0.030598211154787103
ck_522477be6376b450,0.04913819990640807
ck_9b6282e3bad50710,0.08945671111287057
ck_a0e3a2facd508e49,0.2206702231686988
ck_97ffae702f7c3d08,0.01678783169478219
ck_344a95cb7115ec67,0.013031535009772785
ck_1f2760764afa45e8,0.016200614010090653
ck_720cd658d11ea428,0.12445192485364513
ck_04e32ee9834c088d,0.3756099422951681
ck_2bb1389e5e72c8f4,0.04868913241672252
ck_961e7dbc217cfbbc,0.010884901206043605
ck_f3bce4eccfa6d6bb,0.04748826601860017
ck_e0ccfa0d689339be,0.029384573091722824
ck_98217aeafa0bfefd,0.059936261014762716
ck_a02aeec1914c158a,0.14869960371576169
ck_20a17e8f206a14c8,0.5888254907111393
ck_114c32aad4b6183f,0.3176770097902322
ck_79f5198f0decef20,0.01942978625023551
ck_2209de229b4c71c5,0.07037595598210303
ck_6ee939b7f396975f,0.04442186439844835
ck_202f0c14b07ace01,0.11511385449736217
ck_fa24db9d416ab904,0.04745248743020398
ck_cf6aa24b92c4d33c,0.6210862195270029
ck_45f57fb8194cefc8,0.03539491279090997
ck_d5eb179dc45394c6,0.10043408690604828
ck_efb24be983342f75,0.2436932737823317
ck_245f5d62ead5ef28,0.05697704460464577
ck_15fe2a47fa7e92ea,0.01316391977280507
ck_b6527a85fd682554,0.08626568867203191
ck_11f9390a11ce9ff5,0.09062014908181874
ck_ffb4d892c5158201,0.010322574247195633
ck_d4c1da5a1427fd6a,0.2026347194128977
ck_2c041b1efb1c5063,0.03156472393771918
ck_ecc18f40b33be769,0.3087562046391813
ck_0525349f3945375b,0.22562143882288668
ck_0bfe62e0c7eab9c9,0.22903478270028066
ck_b7c37d410b1646c2,0.10705791523492286
ck_4b15b0746318cf42,0.47765554589815257
ck_e5ee006ecd8ff661,0.21223309261664666
ck_ccc83cf66365357b,0.08512105495273593
ck_34a33ffe8339f66d,0.9144048260613096
ck_4e39e3b165edab58,0.9766120991170119
ck_1a71f8081ae00190,0.915580359197436
ck_ed8f1200fc049c40,0.9840395190145863
ck_8a5a57858e8c77f3,0.21616518556001965
ck_fff9fdc2adf5100b,0.7905057320668218
ck_c76f1bf40f3b787b,0.00280898732427753
ck_1a6ddfeef82b1b1a,0.029873870823217807
ck_478d2667aa9896d9,0.02404765734910096
ck_641c8e7694b21f3b,0.02772764262663932
ck_293581d879f6663b,0.9364454251222831
ck_1bfa8abdb22be8f0,0.0962741349136808
ck_05ab5b03d0bf9ce4,0.7863610122432064
ck_35694db37f0cde7a,0.005306403797896914
ck_fe33eb743d714c03,0.047637448105971675
ck_abd10fbcbaf2b038,0.029416911166832198
ck_46d51648c1bf80e5,0.7850333563216899
ck_5c8390017fabfaef,0.08978374829221128
ck_87d55ca333f22072,0.01981314128751029
ck_c39c6a1453e2b92c,0.0044846328545168155
ck_69ff1b0aa143a168,0.01326507750104091
ck_e57c79eaab35ded7,0.012035188009238024
ck_463ae759e2b6ad1d,0.058096276657536305
ck_0dae4a7eb587f3ba,0.07877481843842112
ck_9b12fb56529ebc4e,0.0934731883311098
ck_1af547077ba2dd03,0.44092748699292206
ck_de13de941bebc7cf,0.022195953182584525
ck_83dde7da2bf647ac,0.0060481545109599185
ck_c80a94d4660041fe,0.06970436419486466
ck_f39cfeb277ef6528,0.004813849415403316
ck_1cec1ed1512a2d3d,0.011841464327293764
ck_7955a359b6448799,0.012248413947400739
ck_8c0955dad13c3ca1,0.026251414274864656
ck_6d4cd2de601a2308,0.10841106210352199
ck_f4536ba8dd2d551d,0.11659087644007372
ck_b379c198d6db2d62,0.07575054905880999
ck_76ea90ebc74bcdc7,0.11527513955189421
ck_734f06bd4aa92781,0.12821177288213936
ck_677e1d0c14cbf569,0.021109575602761135
ck_259271c70f3fbcbe,0.2512049754091249
ck_c0b744eb9e7d4eb7,0.03831297005405215
ck_3d41faeb96802f68,0.011820280991483861
ck_8f604fa70fc3c8e3,0.06354908575927189
ck_0b3c3bea0e0ed339,0.03985826377795306
ck_be5df076b8a86409,0.004612000596772416
ck_6a475fe324d7d790,0.15493542260597407
ck_3ba3fa5387bacee8,0.005357273698230017
ck_324b9939d9c1c31e,0.006214660553003437
ck_a7fcf7b592f68ca1,0.06699938985389081
ck_5b2728f7cca414ae,0.010589513102322293
ck_5f4a25ffd0b85a47,0.1341138189567785
ck_63d4f5076fe4406e,0.029298151966569614
ck_af528d66c86f0cb8,0.012258276549783112
ck_ac7cdb9b8da7b5dd,0.06489697483389383
ck_3bece63711407e25,0.09264843115095918
ck_d4e0b2a12fcfc35e,0.007055940013649536
ck_ee3e7c9d3a9c74b4,0.1721807692688943
ck_50d7c4dab837bf66,0.05280447347681316
ck_ebcb93a2990fc914,0.31227164263474244
ck_2329cc9702cdf7a0,0.16001689664399582
ck_db1fa53d588bf99e,0.05414479227925135
ck_44e57a0bad5a0745,0.04047499624341811
ck_472c81a144f4631b,0.010356744834987285
ck_1658429acd5306ba,0.08681976869686442
ck_466103ec5bd9444b,0.04143429119464892
ck_9757163e25262b74,0.14321524844353856
ck_34ed59bc2c9b0186,0.07394912118363792
ck_b7bd3a7f263f4f29,0.2878002773073426
ck_149662b09d632e41,0.15814831353363884
ck_a9ffd6b3957bd41e,0.021204731846957946
ck_ab80466ef615e85c,0.00621014117738315
ck_f2c824d3473db24c,0.12825787786210188
ck_a4a01fd45936b078,0.12740105977775473
ck_8f6ce158c2902877,0.023810923256459258
ck_5189a302cfa7cefd,0.00820936340103737
ck_430a3d03be588201,0.11375522122807372
ck_b5f9dd00914b4db4,0.024306895822088077
ck_52dec82e9cf6135a,0.01699558158753517
ck_95e444a01e2ab4a5,0.10242114003364287
ck_e37cee7b123692af,0.042115504341490494
ck_d68d42858a55adff,0.2174292874528278
ck_3abfc010091d679d,0.2580878469356054
ck_cee4e4e1b62bf82f,0.04741412462148026
ck_9ccb17c35e636c5e,0.046288615321968846
ck_f72a5a3b0d6c1177,0.011070250803514533
ck_7508aa554fae6afb,0.5186475474127172
ck_003aa842b7ca1d77,0.9336581760246455
ck_83b2b192f41ee2bc,0.563513152260294
ck_64796b6b2c3c7f06,0.11670567088775037
ck_6438ae81d43cb196,0.058470445631942244
ck_2bd73d9098504760,0.1864416510352612
ck_aa8b9b36a099e4c8,0.11221884475021836
ck_e5ece47d0dd10526,0.05331652549653099
ck_16077ac345472e6a,0.05367066688969938
ck_a4d6e152b0076964,0.041476468578099814
ck_d90b1d03ae151f62,0.042707149834584734
ck_18b36d342b530af4,0.043248955679732165
ck_2a01e610348b84f8,0.11279335437115763
ck_0a93ed76bf36c8b6,0.0976304935802769
ck_3d56b477fe2370b6,0.16162022874588017
ck_17ab3068fa303682,0.016172375078530477
ck_592a3520d841d11b,0.11111848383517915
ck_84d07028b5fca2f6,0.20105323623152765
ck_f4a2bb10afa85743,0.014318891587011632
ck_4fe4b072f03f2c1e,0.010310836535876925
ck_9ad08fcc183ea1e7,0.009706848379168307
ck_130d3848b9dcdb05,0.04660412993375269
ck_bb399ed6bf28c230,0.15076365117375173
ck_a31a64a39a2c4941,0.03625968506532945
ck_c49f25dfb39909cf,0.21750704675155408
ck_55f50a9ae2db8ff7,0.012168397558012639
ck_09faa4e771cf876b,0.0415407392665255
ck_df520a7a6e405889,0.11242664186279763
ck_8c8c98cc694ac900,0.1800443930322576
ck_7f0c4f609673ef62,0.10070638633474786
ck_f51fe59cd445d2cb,0.10361268604230106
ck_b3fb83f0d772a831,0.03048963327619825
ck_d6e7e257751c299b,0.016458485302663396
ck_0d362ddb4a1cb6d4,0.10652429407303317
ck_a574a08edaf81781,0.06143706801355862
ck_a823f5bcb0e4b9df,0.0035362837178603695
ck_f792586ad0381eac,0.09078025577572059
ck_54bfd70022c66983,0.018822554246451885
ck_fe0a9372c9372de9,0.0287348858283199
ck_5691cd6fdb6d8147,0.06019350012524694
ck_a95f212a02433d23,0.027406028176783177
ck_f5adad75e1c06731,0.08624485148447761
ck_e09c97520eb0533c,0.05729947317989802
ck_a1e13c0d58560340,0.007120314474405004
ck_cacc2ca410cbe80b,0.05803289848768989
ck_c0dde2a6ef1e08c5,0.010286639359359206
ck_a04403073c90ce38,0.007742202481241834
ck_03d3026107175dae,0.20403020070316455
ck_50176dae5b1b716d,0.006954552377811739
ck_6c084bfcb38e96c3,0.1456552566420441
ck_36d2be9012f7909e,0.12940341884292328
ck_958acf84c6137a22,0.1695148832402907
ck_114722e12db90a73,0.038470901116093074
ck_203c2a22c0c165ac,0.0641938796192584
ck_2c44ca550e5cfa82,0.28419179778303827
ck_df0a8f20ab8f14f4,0.048525393984537354
ck_826a27ff7555192e,0.03640616892195695
ck_09a988ebcf062297,0.21302903837675893
ck_5c82444b3b9160ae,0.022696679239896954
ck_f6a4a7ed27fe76fc,0.2996485458831267
ck_17de46314b5c6a92,0.058982863230079736
ck_335e63101b1e6c4c,0.34313536988611765
ck_c5eefc0697451de9,0.2439676930799398
ck_49a0efb5d4067b6f,0.48168377563865666
ck_c1f4509c8f5dac5c,0.11273940126119869
ck_57658eda1c59bc52,0.012483703359342561
ck_0d5c0736ec76385a,0.014764242003570086
ck_e0239e6ae30795a7,0.20637499091761075
ck_e4459115cd8e5e4f,0.12979146828933957
ck_bb4aec09d4968dda,0.566241954060084
ck_a1b4c96faed3e0db,0.078348446804428
ck_8247b79ac67aae7d,0.10451937806700995
ck_fe2fc7d6e5d83f09,0.07536952362387134
ck_f6aea576cde8d592,0.0034739795442321063
ck_b7e7f7d0cd886412,0.456700017884734
ck_ca7b993e8286af7f,0.012849143528816935
ck_47de038381a9cd65,0.040588519423349706
ck_d38f941d09eec820,0.06791570430846323
ck_d9ba2a6c0d926b4d,0.011903158132696186
ck_cda72f597330d0f3,0.009476726291648849
ck_16d2d27fadeeacf7,0.032782316773399545
ck_be05447853d423a9,0.007182885396895492
ck_cd92852d7376a4a8,0.010302461460305574
ck_2faf7ecccc9fec58,0.00589507702861709
ck_db8733fd92f20cd7,0.08052344198016656
ck_a9989a3a94c26634,0.11754409971123704
ck_957fb25437c75e41,0.23985839729338793
ck_e6a6caf6e7de17c2,0.03383011338683661
ck_f7bc569b37e8bdda,0.05573930064377445
ck_703b375dd86a6124,0.08576727774784784
ck_d3cfb3603f2c6ca3,0.2790659003610164
ck_07cb2b6f2a4303e1,0.131928007194149
ck_31631e2028d4f855,0.05717175826758614
ck_1631bab0ba1256db,0.08259302303098782
ck_5fdafeaec036f016,0.03671432473530617
ck_6eda4c36aecad602,0.02660375048775236
ck_bd1bf9e3e29de281,0.10049126936010797
ck_bf378ea558a4125f,0.9062299331378338
ck_7aa2deeda0e57412,0.982581943651231
ck_d229cf7f5a3f38ca,0.08703544971202508
ck_9e109edd124492a5,0.011501658803038708
ck_779491819995625d,0.7425756234015187
ck_b89c6fa2ad0a12f5,0.20144222752356225
ck_1d01b4a609918c4e,0.9366646104988586
ck_714c5d7cb17bc9f2,0.03261405433447997
ck_269f1746f2609ed4,0.033818416417497346
ck_4be03a2aa62b93c7,0.005590555131845939
ck_cf920313f6dd28fa,0.04323732261446693
ck_fb00aae4e17740c5,0.1558616101576645
ck_085d8c42739e2b10,0.9916550814514934
ck_c72a7d0d03cf3e17,0.6537266886265289
ck_8f6ca5d3b17eac6e,0.005700556170080831
ck_d9573100bbff4014,0.7281404989758622
ck_79d6793d1d0cf43c,0.01370849911959177
ck_91fa5032f7aff0f1,0.25778483110403894
ck_87110d84872c0fed,0.12359956375288407
ck_8220da627e9992a5,0.04817133682334264
ck_2ae44938847f3852,0.05169062772916783
ck_b0f191e44f9b6f35,0.07341015184913474
ck_3049d744b527f4d0,0.11316812199958315
ck_47d3e8d1dd3fbcef,0.09070548626749238
ck_ddf787359d2b5deb,0.011753410838395253
ck_b27a9e39726b26d9,0.021628627425420283
ck_80c4e9274cf976b6,0.9882870617981057
ck_c6afa913168ce8fa,0.044258727532444204
ck_52427b3f8478db19,0.0871186773360263
ck_3b810f15ca0eaa55,0.08995035838609139
ck_0c9e420f97baaa06,0.9752216770555174
ck_f8540cf3a8b2f8c9,0.1294521000226221
ck_1402d24dd623df72,0.022847256254343386
ck_eb4f4267e24d042c,0.023200058094059194
ck_6f661b428d6fb8e4,0.1770312603638897
ck_519a26ecf3d29c90,0.02338057280241844
ck_e886ba71d4a6fd73,0.31942932505911215
ck_437f9ecd2016a1a8,0.019740295095476566
ck_f01af1b0c977cc06,0.029135646636569135
ck_614f777c2eb5d537,0.020877268307311805
ck_b804e784cde9af8b,0.014265849566776102
ck_c2dccbc1b24b137b,0.4344815045488767
ck_1df4a1781a0f6999,0.10049658852804319
ck_bd2cdd53fca26171,0.039974824854723985
ck_424c254249a109f0,0.23141217328837127
ck_cf2ca4f286e289ba,0.31110760276857785
ck_6c33cb15b0d8af54,0.03107390603359923
ck_311d395fa9b8550a,0.1903257812401576
ck_9f792e7e721ff7f1,0.01695940851612564
ck_4c37586080edb7fd,0.004974917837908145
ck_7c4f42c5397113b0,0.022679003679714507
ck_fc418f53ce4aa579,0.9603358590951093
ck_1ba28fb7ef726ce2,0.12912043207738147
ck_d932f98bf6b83956,0.25913501894082963
ck_248b3659a9239240,0.23263771865980062
ck_6a92cf5f4cf5de38,0.11467119533390001
ck_65519d0fb137e0c5,0.016094884196595934
ck_ddc3fc99eaba2064,0.2354069714178356
ck_7310cda3bc65a73f,0.07310723508082001
ck_c01c85bd631d4054,0.037925946849937116
ck_b4954d16b9749829,0.10868775524747774
ck_f301f6758e170d66,0.06563038960892165
ck_9bf95f8c47e7c7b4,0.03297179410866336
ck_c91b7fccf6aeb4a5,0.26450443603402435
ck_785fa45e86bc5e95,0.052004702201058475
ck_2a65f1cc23f1180e,0.006939502972188213
ck_a49a2c1f881a3560,0.01575734002825822
ck_def344d68f06d749,0.022483368107805646
ck_abbd1465fc730d78,0.013952572084141067
ck_07a5610ed28162fb,0.08319829860683974
ck_7ecdee2d7127be8b,0.035325847613327896
ck_67858bc00e81490d,0.0021566264913542555
ck_b4ad165ace910222,0.023175632147806626
ck_30753ffe481a1b8c,0.6520399432517379
ck_c401a26725b17177,0.008114355474405317
ck_819988d8a7f26415,0.02563261221848596
ck_3364a1d9261b3638,0.023099088956696025
ck_c484c5bda389bf20,0.00333005966509703
ck_ae416325fef92c9d,0.97523267743084
ck_5517b9a865960542,0.028667926706213296
ck_a0e96fed380440b2,0.09032417207560194
ck_e83409471d2b0b44,0.0727569550177431
ck_127273af97d7827d,0.009619397004165609
ck_aaa9861c91bd14dd,0.043943783477002084
ck_a378c58294001a36,0.9645965217303663
ck_abb9d65ff1f95b64,0.265070554371203
ck_a5ecbefa849ae569,0.14700727381697049
ck_aa9953c0ca2bed7b,0.012431775225869001
ck_40bc6de252865f32,0.022153596900885177
ck_9fb11688dcfe1513,0.018377512848158313
ck_ba68841ca2ba073d,0.16192329080443518
ck_1d3e561a7d20be0a,0.9823870394550795
ck_99a92d710a29c1d0,0.06874963632285702
ck_ede2e887697ffac0,0.012429209965628279
ck_e6de67c0d82a7b83,0.14215804795469525
ck_6b38763bf5ddbcef,0.05819913081380559
ck_8dd44eead7d765a5,0.05181807372708312
ck_30bf5b0056eea9e9,0.7191802557422183
ck_2981d16f8a51a8ed,0.16151046096121038
ck_fc60f42c68c7024f,0.338753680262606
ck_8e2b2251ee224aa4,0.10530979338083588
ck_1906f0dfaf6e9bad,0.9251137060064333
ck_dcbe6814fc4ca0b4,0.4210872287435089
ck_f7e958a286ae3b57,0.028721614977243997
ck_713649668a7ca824,0.10289532366792331
ck_6f73cdbf9305e2ea,0.07865084049467355
ck_dd1c490050cd9051,0.08264624352719174
ck_e30db36e376606f7,0.6569341606646985
ck_740d8fe8028b5a2e,0.02137558391170559
ck_ebbc9418cd41f692,0.009051446309807589
ck_7b3cc6cc3f250f39,0.03292790344133313
ck_1d30eef7110809e5,0.7425842446471278
ck_77e0589ab339ca66,0.019449380633455568
ck_15ccbf8ff7d14086,0.01783755726542952
ck_246989b0c288664f,0.21083399912824788
ck_fc2a6e27b10b10e9,0.011323567102185551
ck_8afc1112c12f5402,0.03400943789257538
ck_a76e8d83b9141364,0.07896207812965259
ck_51d3e8dd7465c015,0.0293789725086029
ck_e7b4016909405981,0.0045522136161213565
ck_e7a3cfb9bf908e80,0.11732014565437615
ck_2bb49dc2388cdc1e,0.03014594161742256
ck_94f4266ee7871345,0.17482068971235773
ck_b2c896beec146477,0.21146600727504541
ck_fcf5d4a4748cdd53,0.017735485793226702
ck_fd0483639811f62e,0.7205061893548916
ck_9a21d183524734aa,0.18607855420580657
ck_1df4b46c0a4c317d,0.16277576519560064
ck_638df9e8a22dfe0b,0.10706852451471252
ck_65acc43a6dc3e65d,0.007202229113403313
ck_7c67b73196e3d0d9,0.10476406068640987
ck_b0ee3a98175b462d,0.02384012285180779
ck_20fad010969f1abf,0.005626895247964943
ck_54b087bd873af8b8,0.03045748104320434
ck_8007824431fa803b,0.03871284257594153
ck_23aab322810b9fec,0.03066847335885238
ck_c8001bdb9aafc8a6,0.03290412005610615
ck_3a34c3ac83cf84b3,0.040650238270894784
ck_60187ac2c473a662,0.9649849373376301
ck_6a0ccd7357979f0f,0.18508154975903657
ck_27f20337bef5ffe0,0.14697162524263271
ck_f9fc468915afe49c,0.09629897841536701
ck_1eabc15a94bd9009,0.08388081177273643
ck_26896c494b2768ef,0.07916052244310211
ck_348c874eaf0354f4,0.21535844807647184
ck_be9c46acd216b45d,0.08051972065175586
ck_a3cce46d15cc20a2,0.14929499932358714
ck_70804f60d9704128,0.4065511874184676
ck_a019151ca8e7527a,0.09046183701236815
ck_571133b2aa8ead51,0.4156293703824198
ck_0afa4449f20d5196,0.022206198017042454
ck_4d503c41cf4e5034,0.22044215796891548
ck_d6fb9cc5171e3e9b,0.8293406546943831
ck_05ed92a7c3e10e5d,0.13530361468429175
ck_bfb067986660afe3,0.14420197455000117
ck_c1a31690c8573226,0.014363086779515893
ck_cb88ef3dc1f42225,0.004754282757530138
ck_21e3b3bd998745e5,0.5261010886418878
ck_cf52e46fa54e4540,0.006863443018949978
ck_b72c7ac4208052ab,0.10904791176193755
ck_e6465c56b337e6c2,0.1065519953972152
ck_5f87eb05d18186c0,0.06748611638179225
ck_263f6c5ff26b5e98,0.0164404634547786
ck_e0b7e2c0bbe228d9,0.013837094675646271
ck_b657ae3c146cb7bd,0.01173974784285565
ck_abac514d8167ea58,0.23385249335762937
ck_024dcab126876002,0.03222983034533682
ck_5d8481e2b38bd99d,0.06515762150064008
ck_edf229c17d25dac1,0.5222772953051283
ck_6cb7c97b72d6b5d3,0.04837405720327863
ck_c96ae2c28086a059,0.12560555962417735
ck_2f241b97c0f8389e,0.04236881344739311
ck_9158bdbb63ee8987,0.07963712330069206
ck_e7b40b60786c1530,0.04580134143666254
ck_66d38518f68e6194,0.007680137211325094
ck_8c9b57ad2a991416,0.051305796038881045
ck_cc91bd7152d3e9ba,0.007962568546910952
ck_0d846660c7957a88,0.0374991359451762
ck_60896cdac2212bea,0.2595202424620999
ck_dc4db8b932df49de,0.29755113121520915
ck_2dc31db181150e20,0.03462828108183012
ck_2f138fce1171e277,0.03009881319754787
ck_68b8b859a6ef505b,0.15578828567364675
ck_c3fe0c6c5e1f40f6,0.04335728166355735
ck_15886fe84866de92,0.05225522157915174
ck_ea269b35406473e8,0.01797206193432311
ck_3ce7cad1f69b71d6,0.16394593589930373
ck_054ed4288ee58d6e,0.2026604909656482
ck_3d4913a86f207fee,0.12586366770713034
ck_23ff85f9d2355e8d,0.1136662059405042
ck_d87ab3261322216a,0.006391038551425313
ck_fac046ce336fe39d,0.028431905551222873
ck_beb97e498e6cf8e8,0.15733263340556153
ck_1f517e0ebf397b51,0.024558772052215384
ck_0af57ebaa45877a1,0.019306561205873023
ck_f99bc1732ce5e999,0.134847030343879
ck_abb056a9deab275a,0.06647995676914834
ck_0bfc394c5faa65cb,0.2081730537624013
ck_ddc865af1dd5670e,0.12763753333203678
ck_68b5542459638b56,0.1470859366229159
ck_0b1d84252c0b46c2,0.05144906862641286
ck_520ec32c4f253604,0.10308573885315019
ck_79ffcfee599d77c7,0.02920378111643822
ck_eb224c0fd146253f,0.25568308698363545
ck_0e477084434da450,0.08466257761098649
ck_07840bba5570785b,0.05350854843007991
ck_6b67fe8e310ab865,0.05143394558827547
ck_e2a1068c2fa22525,0.29092838298104634
ck_b9c6b32f6bd92a3c,0.007344403867281602
ck_c1e7d1021ae58f00,0.003840088118683966
ck_5d7801201749ffde,0.10944263976080343
ck_c8806749e263f70b,0.004400512102333234
ck_c9eeab826781dc91,0.07476196239443243
ck_309a432c160a17b3,0.03231245116788273
ck_b22e3337b8e3dbb2,0.020509392461510508
ck_79c30169c71b8033,0.9640185398836727
ck_5a6593d954085775,0.027123673140393947
ck_70b9b79ea1aacba8,0.19457670156458806
ck_63743141ffa11f45,0.039373185996867496
ck_dfd3dbd0d97a642b,0.04772290656983387
ck_635646a661f05b4a,0.06925067924301515
ck_4b123d6931b6d0d7,0.31577419439033394
ck_f2b0e7a47f442557,0.9731654488939128
ck_1b1df006b81d38ba,0.06064363560077286
ck_360237c1bd30f4bd,0.05956241823733658
ck_5e84bca0e362da20,0.2652392842195596
ck_142dba210ed2f3b5,0.1972413140306051
ck_a3564236069e3524,0.2319007971141442
ck_cf36d8b070ded782,0.18613559855294043
ck_ddd6625c5eddad70,0.017658302533477693
ck_ad54292a0b2f44ef,0.0437712808003835
ck_45cd5ef6b359e9b4,0.04371665032938224
ck_982c2392238b7be3,0.8267513378796193
ck_083e4ac78685c3bb,0.06701577242242387
ck_729cc0b46cc2e546,0.8137524479309471
ck_f2b8995fe5402759,0.028551773974822444
ck_73e24f5a8da289b3,0.14865504880910255
ck_bd85f30c36f5998d,0.14659531759640118
ck_ee4ff3aeadf912c1,0.019417027157462834
ck_63d2978706e193d2,0.3516306316066286
ck_6a0684436a1e66c3,0.6844936501831403
ck_182dc4a2f5a366da,0.016899600169308165
ck_e6fecb82fc2a82de,0.03227742412387925
ck_cfb06f07394dfe64,0.007562562355067807
ck_7bbe1dc8add17ef0,0.028417348661990048
ck_5cacad76e02c8e3d,0.9703959331187635
ck_ca68dec0c7df5a12,0.015884419077901484
ck_e4c0fc52c82065d3,0.026340694345092144
ck_f9197b070416f443,0.03873950224636181
ck_2a07c7021b71cf65,0.1304171686992469
ck_4fa85cebf707de2c,0.006140241398586167
ck_0063d2a9507467e5,0.06056234595972251
ck_ec986285fff05b7d,0.010615906745720903
ck_279d43303708109b,0.06588216144690232
ck_a406bf11e48cf8c5,0.39704198352510167
ck_064b2aa3f0bfdb6e,0.05363758157941617
ck_95790440bc4bd2d0,0.11493410884900221
ck_70066eea13b4c34f,0.049738408694854276
ck_19468fe07e26f992,0.9738722068686739
ck_86bfe328e0a533b9,0.8291826019211676
ck_ace3b96c977a7560,0.6285752071215532
ck_642344e5c652d8df,0.1086302881650993
ck_074be35c951ae10a,0.06898521512035788
ck_f14dce41036486a3,0.9705566085938292
ck_5cf67a3a747e684d,0.5302110318599007
ck_f7285b92648c1c81,0.009815185241476794
ck_bef3193f124fca5c,0.32267431967241733
ck_05c4dcbb45de1f8d,0.039208937214007936
ck_d7c28eaa05bb7144,0.11784561765865456
ck_320df984791a1b99,0.012279345000747545
ck_f45bad1606fa00a7,0.03790372770379929
ck_6f81c199e986d9fc,0.028467364167441653
ck_d0c9633fed57c344,0.10614914786372762
ck_a3c25d6cc7478068,0.04823928584901694
ck_4185506d12cf9fa0,0.006455020724813296
ck_7a02ee1bfba7353b,0.12442867286454996
ck_1b52590757c0fbeb,0.1120406542289977
ck_a0e5656e1cf9cbf5,0.02493673014198391
ck_ace21f6daef94f6e,0.02047112238770137
ck_646d8d0834782d6a,0.6706334671460449
ck_1f136a4476b5e775,0.14439466978866441
ck_325c7643cce02da3,0.05134458729072508
ck_9b5e7fe28208f5d1,0.029707907396044037
ck_05d81b1a150f31c5,0.0037639419151431932
ck_0e9ec486bff403c5,0.07594121415416819
ck_ee13c091bc379188,0.08326948853603174
ck_f7a7f8f5903617c5,0.03786332391063414
ck_96c3a3517153390e,0.02702870900187887
ck_538dad7f096458ad,0.019781783675160525
ck_8758fc6622bbb7df,0.13637010655406268
ck_f7e53af3c91fec64,0.06616881991267864
ck_80b50fad7f255e1d,0.04230418681474
ck_9645e7adc08631b5,0.17786168355134646
ck_e007aedbf37d6ec7,0.05416381913208821
ck_2951d76c41de2569,0.22143079105070382
ck_9439bff87e616d4a,0.10745471426366225
ck_a73045e96af0e4fe,0.04009790256228685
ck_7b382e533e2e925a,0.10950018980134348
ck_730226c2d216cacc,0.043023613325461646
ck_bdf837d761a7cec2,0.8905634507124692
ck_0b34197335ba3341,0.04957276603885282
ck_49170c4b31a20f5c,0.003352778301217375
ck_cd553ba6589d8bfd,0.10459577550569113
ck_56b992c6f136fa5e,0.052891035001027764
ck_8beae3d7328fa41a,0.11444356402106676
ck_1a065ea906ae3d6a,0.010298343526798388
ck_e9e3381d5e0e5051,0.025880625454442082
ck_a6d4f998dadc90c2,0.9347275841100938
ck_d36733da917115a6,0.15784806306928337
ck_e738e920bbd74a7d,0.16019683342258803
ck_af65eb885a51048d,0.004772576300962913
ck_73f4eb09af29b1c0,0.31461591603853434
ck_8fc641b1750a2542,0.3065490672075241
ck_41b954c7a948c060,0.030424726883277277
ck_25fc3010e8a0f6d7,0.012077016089904946
ck_a2624e0387974e0e,0.2838795141637687
ck_5cb9d7b2329d5ab6,0.2561453764267199
ck_6c83aa1d100a7cd8,0.1490604724022411
ck_67025c64588abd1e,0.01673426682203914
ck_f5dde68f6f0468e1,0.029378002010559796
ck_46bfb2cfc29a6d2e,0.03953086652835442
ck_49dddb894d33f6db,0.17486601335993898
ck_f738b633b8862d18,0.006981727002682885
ck_3d6c3c00d854f5a4,0.2182739943193887
ck_cdb8061d8d1a6c5f,0.014854637336035472
ck_5e1b81848718bdc3,0.08504023080241745
ck_8def763034187436,0.13316778983832386
ck_8f8e4fb9c6190272,0.053434334592340996
ck_368b968b5f33431e,0.0306921926388273
ck_ba7e347251ea399b,0.07079435642351713
ck_9075432001a64e75,0.03157360350076544
ck_73c5371635aca173,0.9461438427330986
ck_81793387b38047cc,0.0073476662064467955
ck_0cf220816e320ac5,0.03788211417056187
ck_820219bb9c761b52,0.4600464407525728
ck_70a932ab39d86a24,0.004329358884626474
ck_2c4be237a7ed79c7,0.01631796231279444
ck_acc764b49ef02826,0.6244521920063272
ck_74c3c3452e4e7cce,0.02747060957788525
ck_34dfb57e5bf31d2f,0.05050619087376384
ck_6ec39903f765956d,0.03995669387626886
ck_5986119e7d81e831,0.0741908189406988
ck_2ddfc948b8eac752,0.6389954252976856
ck_921ff5ceaf40a968,0.13091399728294806
ck_fb3b68b4424b5f92,0.24755153888100132
ck_c3db1b3ad4f16679,0.10519661333137657
ck_124a197be41687f5,0.14182996707734288
ck_c58d9151834f5bad,0.08343378697621921
ck_389607982eb6b701,0.9400626005056534
ck_fb0c138c003e933a,0.004358678888469021
ck_50d0bb7edd8c69c0,0.2717939524706018
ck_c6cb651149dc9a8a,0.012285657784580184
ck_81e21354e477eceb,0.3342905940199387
ck_7696e38b3e4197b0,0.050266470751272864
ck_586001d3ed9e7fbc,0.01587550959379481
ck_bba413492dc46f2a,0.06359100728414242
ck_95b894380ad2702a,0.1771304319384896
ck_277621473369614f,0.9906750496536155
ck_a50621b5eeca84b4,0.002063307687292042
ck_bfa7ba218b988cde,0.09359151660475479
ck_5ea89567dfe78e4b,0.1870849670879097
ck_6c679602a6476ab2,0.03874669554734537
ck_d3885e286b3b11d2,0.08811219151868514
ck_cdcf6671b37c9c92,0.024469861323751372
ck_b5c93e6d34f8d366,0.024116813740524486
ck_c24f61925dc158d5,0.44800857159118257
ck_cd09375e6c81d2c4,0.05605513796680578
ck_a95afc7a00303a26,0.20995278959360433
ck_8e89ca8b39f3f8ad,0.0263661566425997
ck_9a84b396aada3fa8,0.15098482652456227
ck_5124a2e415384945,0.23153409285775275
ck_d66bb1f063357f99,0.05072419552101513
ck_0fd9312411b0ac55,0.13682556284674638
ck_ad8cbe6e27e47ede,0.10777322647950624
ck_8398adeaf41f9cae,0.04023177355779291
ck_dcf851e7bb5855d0,0.009382974509782331
ck_9affb0f26776b642,0.01385562463684638
ck_f0424b3b36bdbef0,0.5476028756650443
ck_66746d1090d6d9e9,0.007850010315778581
ck_e5f8c8a5824db594,0.2723130696334023
ck_3e91dcc209431984,0.17989538567388022
ck_126a82e8d42e5ce6,0.007774643668038252
ck_38e4a74ab256e2eb,0.08168404371579271
ck_1225a97fc413a419,0.23034124015918664
ck_9b5ec0f78e160e65,0.02368253925213291
ck_7c5529bcc079600b,0.09034048230883457
ck_29640fc2fe81c251,0.38660694577028154
ck_160e9ba0a3f7c1fd,0.011354458592168715
ck_bff090cb4ab76b9f,0.04356715373242998
ck_aa06ed358e43db69,0.6577526469514537
ck_7264486eb512d84a,0.025138309384102598
ck_f5a32e6160b28379,0.02380234466213464
ck_4ba8bec14c2217e1,0.04279021637589236
ck_610815786d729d2f,0.07214037083662588
ck_e267999226b6321b,0.004990298109670282
ck_f3996a3c8eea1ea0,0.025935509566545487
ck_e9b75ed7567a3f23,0.11233748203334096
ck_d21612d48bb4f7b8,0.02306248580568279
ck_1f871df76c6a995b,0.21765475623559258
ck_953bd5de48ccd70f,0.9044671469077828
ck_02a9104419a6dbaf,0.05830140419133198
ck_1eeeee651e05d535,0.18761860079302337
ck_e2ab04136a442a98,0.015249334993995646
ck_f0d806624ef3d359,0.03138510209729184
ck_4b68b38c1b3326a3,0.022650638160022284
ck_74e60495f8861156,0.1498267102492402
ck_398f3f4cf05c721b,0.004233673302986829
ck_f761b7650a0c1a85,0.05329870011704885
ck_7dadef33f5e2d94f,0.9892266749168604
ck_6ff6883633b8c7ba,0.010078287212208385
ck_4d2159603045109e,0.050536607881921033
ck_a38bd07a5fac5c9a,0.019848297854390066
ck_f517f06551e69507,0.021329902233565887
ck_a7ea00a1760ad561,0.9885477625222654
ck_31fc51d5a3dfe16a,0.17476936234556834
ck_bac5233623b25ca4,0.058154335471937005
ck_385188ab27784fe3,0.42634903870360563
ck_9947a323bab5cacd,0.5152277717865342
ck_7973edc9f22ee7b6,0.15021546051657284
ck_f97c477986043755,0.0077147353136030996
ck_1a3fd2cc4b4de196,0.04823227534190279
ck_e18ac29ea62cb435,0.06972696415714999
ck_9720a472a3e0140c,0.012461297051450418
ck_668c7fc7d7e47c0e,0.19634433297159284
ck_214af0806470ef48,0.11761457924545712
ck_a46c1773f01f0be7,0.3554482184257616
ck_f2bdcfb4203ffdee,0.22984991455575535
ck_40e84e6ffe788a4c,0.06125820806798343
ck_dfc6f5712d8d6678,0.5884649295628469
ck_01ef1036b2e66a4b,0.1100473156698292
ck_3acfec10eec32f9c,0.08730005329789745
ck_084a85145c15ed77,0.038546268473812956
ck_fcdb4fe2f095fba1,0.31911620021355097
ck_023908db0a193076,0.13264941833592936
ck_fec0ff92fd622253,0.019251353004850362
ck_c009c97d5fafbced,0.35553760204629686
ck_eb9f0c06ee017ee5,0.07904498157897952
ck_d7792b429620fc24,0.030762115323523076
ck_5e9e149a3b69c726,0.06774048968351964
ck_ce927322ef8f651c,0.09985256946332309
ck_b8fd61a8e82bce32,0.9838311548312482
ck_9aafc33fba1474cb,0.0439222778903127
ck_ce81ff9b8b35562f,0.06264348526983056
ck_25bfca1d8eaa152d,0.0813840977531781
ck_170c65860e2a7e23,0.023870634709026853
ck_952da7ca9f33decb,0.0863877467502422
ck_1ebd574406235957,0.05201929471399392
ck_589109a188adc2c1,0.018249546466941477
ck_f0cbd5383bb07778,0.12180356276406516
ck_242521e261148fba,0.05113179350476926
ck_509cece86a558de4,0.10372183670602653
ck_0dd7c5925d28755c,0.01679007221039832
ck_a7e669cf1c3985aa,0.04737524786587775
ck_acb84dc2351eeb76,0.02435580279177311
ck_b837c7dac2a9b931,0.14180689708365296
ck_18eb1f9181f95df4,0.05906499446879038
ck_b0b9047dddb1ec84,0.46568628007420887
ck_43aa136bdb0a2832,0.5798226798339576
ck_3e47f8c56c811700,0.019224229454056586
ck_77c587d24695ea15,0.0760925271266331
ck_20578ac693ea4e93,0.127390782614235
ck_b9f6040eebd1605f,0.18832384536140903
ck_ca9d86f65cfdf018,0.04208664328181053
ck_a4fa8833995c716a,0.029255514309200818
ck_f589f1e29301b5fd,0.08762068874568017
ck_961ddb8ff55d868e,0.008760851369508414
ck_5662492a54e6688b,0.30073038233499566
ck_ad48826c1c26eb78,0.8763966097683954
ck_621c9ddde6bf2eca,0.13572406563300163
ck_417a3500b2c717b3,0.1140344806071255
ck_c7e129058beb3ac1,0.07204430211523499
ck_ec1c902b9b9b9c5f,0.4108450548326725
ck_317360ec0a67d27e,0.4545937012024344
ck_3e3ea5d8c4a229dc,0.3355065034774212
ck_d11d27de7bf0b973,0.47102044674845095
ck_d37d56e931105db0,0.02312505422111644
ck_4863077723cd6ce1,0.030557441725504845
ck_479a065d5903e9c3,0.012254646209912502
ck_e66ae4fd586fedea,0.020073460001816514
ck_192bbfd0d5720134,0.09159778080178672
ck_3b436cb29af99f3d,0.06147617252643108
ck_7c7ca54969eed187,0.17817874084299512
ck_826ee896c9f1144d,0.4947035860622442
ck_ba1f6dd43fc8a0b1,0.029666676224735684
ck_49685deb63e4e8f8,0.03069570581658245
ck_687ab5d5554bfa79,0.17224365744755285
ck_41346ccd9242cc8f,0.008485186386706386
ck_8f8e5e2b9dfec3d1,0.14331967513975047
ck_94d5ce61a0c50465,0.059843293611307906
ck_6b954c75aad8c012,0.2717056021715576
ck_748af92828c9d288,0.014969206906905853
ck_dddd14091ce812c2,0.08475503926617792
ck_723323f6870fab59,0.15206911581946694
ck_dbdf8d0708cc6718,0.062171534450783314
ck_f04938570a154de3,0.04821648644258611
ck_58afa1550b3b5294,0.05223322329017862
ck_3b150afde386ecff,0.45954369694803676
ck_666b95e75d99ec4e,0.957509604165434
ck_e00332597cf1eb24,0.1676671832537018
ck_9a9e3dac79280d7f,0.3287288918130098
ck_e8d37262e859d9a1,0.13321610993528948
ck_895bb39d24bc1c4c,0.009456746925778433
ck_b367449195e36499,0.11806189496752886
ck_d23f9a50d1135ce1,0.44575375877582696
ck_670dc4910cf476c2,0.017109749172493426
ck_3ecd8a5ce65e21ca,0.05603668008753793
ck_8584fea2df4c6317,0.12907960428883203
ck_0789ff4562202b20,0.11119550553134598
ck_749e0e50c3907be8,0.019293973083178317
ck_c3ff6790cc6d7e34,0.044411577757668776
ck_75fb7e56432ee4b2,0.035683344229160696
ck_529fc3170fd11abd,0.18612893814003076
ck_34a69b3b4a681796,0.7084711418401701
ck_255f0e5888ae9e23,0.22004671695577813
ck_65be698386474170,0.009319105942499498
ck_5eec9ed855c26000,0.021051208053576843
ck_5ab39bdc9610f6f3,0.5127167410817453
ck_1b5b75762f033462,0.07843001159037495
ck_d3e208671cf37f91,0.9123631356970379
ck_5068ee554ceff971,0.07454874922272085
ck_d7d50fb57fcb2d0e,0.012769998895725292
ck_ba6e1115fceaa067,0.32255709710349395
ck_d07bfb16a4a7dac0,0.9690493790374729
ck_ead68310311690c8,0.612393028313272
ck_ee53ce862bc9c111,0.07508380388767118
ck_97e56e6037024dff,0.009602985290104778
ck_80b04344c98ec072,0.18660889907324624
ck_5954f45a2ab45f43,0.19297124087029582
ck_18ddf7e836256e3b,0.10866411319514552
ck_89a1a780144d808b,0.0826685212992285
ck_a7331e8b808c39aa,0.4056604608328975
ck_a1fd0ad03ff9b776,0.0929886162649316
ck_c0cf50eef030b401,0.008213409999935873
ck_074f20921189e7d6,0.05331710956555449
ck_e2aa7be60794593d,0.6472453705463789
ck_72771757dfb7f7a8,0.13056433865786224
ck_a9cd84a6dddfe584,0.08965238384354832
ck_142c00f9f8557504,0.14932848604648363
ck_221b5d40358230f4,0.07298422550728596
ck_a2d7a563f520b7ea,0.10536117527449601
ck_66cd34bc568d95e0,0.13685327006624579
ck_a17128972d3e507d,0.13156554579344928
ck_bda299466bb2136e,0.06957176068879274
ck_2b699066665abe8a,0.10537336332089378
ck_0ac9848bd4ba0c14,0.007906222348211187
ck_98d2f9a6ba3a3077,0.8477046741579357
ck_a872df31b28a5f7f,0.41529422302669294
ck_7e73e1d44ce82ed9,0.033310446339115334
ck_1a415416f620d49d,0.014930258940870795
ck_c95c786d2f8b8edc,0.024337524430497626
ck_e45012f22b7f91d5,0.013066893210549695
ck_aa0b083e2a6813eb,0.1465751597589365
ck_4666232ddbf77756,0.02788952986609498
ck_e08e9c8ec5f23d8b,0.07086093878555076
ck_31d4c0518e5f52c6,0.02593544657799327
ck_c1ab40638f04cb02,0.045851783434362706
ck_4c1fdd1669c7cf51,0.019999315356105468
ck_11662cc7940ffc82,0.1308037505117507
ck_2e679af24adedac8,0.02640069974185027
ck_454b9e21b7f25a4c,0.008176583050053626
ck_355c4f29089731e8,0.9477940806689389
ck_507e40760a24d2d5,0.1361161445444129
ck_0943e0f305078e34,0.9790061884691237
ck_abc54ed7111e9ed1,0.011216632127685908
ck_a60fe02fc04407a9,0.39090292143407124
ck_244b897bb4d57c1f,0.09929033592571371
ck_8c84fcde93a04334,0.6228965841399091
ck_9eea37d2de633b27,0.023639882499869643
ck_b2cb9e6610eca967,0.05636138405526698
ck_09aadb4c41b166f1,0.5746102837535821
ck_8d94fbb4828ef326,0.024007644106244824
ck_089e3a07abbe3b8f,0.019351220474507633
ck_dfee9de05e3971cf,0.04917170640450486
ck_6abf8302ce052451,0.20213324798183702
ck_6ffa90143838a4a2,0.02707942622489912
ck_325caeab5c7a9c3a,0.04970597203311533
ck_1964ee9db929a173,0.897999204145276
ck_942b95988a6245a6,0.48673040260855494
ck_913ecdeeb8e21a9c,0.021924434346496043
ck_ecf9794349eb4b3b,0.11799262767717844
ck_b6cb8d6ae828eed1,0.04228157251100628
ck_2f82ea66c4f53b33,0.5593891749200413
ck_6e676daa4855b58f,0.29415237390859916
ck_2a37fef48b44e9c8,0.11562143780517281
ck_3bd12d468fdc2450,0.06213510987385655
ck_1a28b6a40a6bd3b4,0.28040445757983123
ck_61b79dec96d15713,0.008850510490723738
ck_31d5e3daced93d3c,0.12818315817790565
ck_e6c8611c0cf233d7,0.016518067797108935
ck_f04761b4a937ac3b,0.096980984193046
ck_38c1c75cf055031b,0.05603777507916955
ck_59a561f3df01441a,0.12071074865780344
ck_04e40f556a5062ef,0.017004128605654974
ck_8409716d174635b6,0.02698467245835793
ck_3019afee83342701,0.06861386895868021
ck_b51a58e7f032c9a8,0.10060175151729032
ck_5043e474f848346d,0.10773692473411414
ck_4388abce33ecd01b,0.6214635050697622
ck_c93def7392f0aff5,0.4675220331882182
ck_72e7b1acc19df820,0.03721152726701749
ck_f253130dc3ca5b3c,0.10834362931482086
ck_eb264d1b180d4b4c,0.4924309042125419
ck_c2504f5a113433ee,0.009742209249012689
ck_c16ab1e4dafb4910,0.4227494814406122
ck_4bc42878fa180991,0.19138338775011662
ck_1c771a7c78f6622c,0.21348815539723984
ck_d523f0e50a2747ad,0.05197187662931493
ck_9060f4e7ab7a1b0c,0.10392012234295052
ck_6b55ec4e87a5e22c,0.2386623134793531
ck_55fc62a5f89a7251,0.17105115309223431
ck_bd2545c62f258231,0.21362135731643725
ck_1ccdc69d0bb712b4,0.0647977727112447
ck_710f867a3bd5898c,0.02207075198800465
ck_f91d48c40337d375,0.036394052714986795
ck_f76d929541ed41dd,0.34955452170572676
ck_e26a6659c237b650,0.09410189255827112
ck_184983177b73dea5,0.07988130160545005
ck_6d0d081bfa8a0022,0.18390292135989
ck_2f6e64f638da0f97,0.025077170777466854
ck_15b93103ccd38609,0.14159747132533365
ck_094d10439b7b4eac,0.021955673570725268
ck_d2ca47180a926ba2,0.036154581091688766
ck_a69ca7b9d70972bb,0.05270271918392398
ck_68914e67343a7d32,0.07112677601463713
ck_8176616132458c0f,0.24058876229165152
ck_eee99af3598311b8,0.26378398365884465
ck_94410eedfca91304,0.21475924982667224
ck_cfb11a0a2325bff5,0.02401221703940366
ck_75217ee144b715f8,0.31170705212373895
ck_d56fc799542299b8,0.007194484218754455
ck_4c352dd3e7c81269,0.2006689168972197
ck_e23e50e02cb3904d,0.25283423807727123
ck_b921af37d500e139,0.3729030602740682
ck_82181b935360dcbc,0.9826875618562623
ck_22a7cf3b99c5e5fd,0.07787621855572571
ck_f67ee7910d532216,0.21926740848162543
ck_5f48762a14a0326f,0.009054216199610245
ck_1757fcb0e6e3f88e,0.3302722292627322
ck_2c2f080ba185016e,0.2646848247236379
ck_4c25570eb72711b8,0.009737860118229637
ck_a3be871ca22ac416,0.07120959583539072
ck_ab70961e7c6695b2,0.04123866752292169
ck_a1cdebfc42a52448,0.03083178864271357
ck_f1b80b821a20186d,0.3082812240788648
ck_ae668e4564cd2aa1,0.011174275706958442
ck_0e2bc3a5afa439d8,0.4112094352511398
ck_3dc378f37d0b74b8,0.06104375632387607
ck_9f9555197480d1cd,0.08816714807057228
ck_bf4e7d48770a4a8b,0.1339198739782035
ck_614ef655f0685060,0.02720103194537286
ck_04d2ea38ee27770f,0.031757070578046796
ck_e03a9d8ac94161d5,0.005358404659851696
ck_d4007b5b26d9d854,0.008848251190876975
ck_2dd147ce6d61749f,0.28296766994012346
ck_ff45764ea7d6619f,0.268369865881573
ck_dbc487cb0a6c18da,0.9245676752109298
ck_791d5392bbd80447,0.021590590901073882
ck_b4068439c413b150,0.12166163627235342
ck_85df7b7de9700aba,0.0110135299441445
ck_001e42551cd06e40,0.07877904812033103
ck_a6c02ae50932cd9d,0.01386292181132485
ck_9fd0be2c018ff5e4,0.05214127416360817
ck_32a495128395fde5,0.021849476666570444
ck_b6f2a2fd232c141b,0.11435014900480768
ck_28dde633692904b0,0.25821641578431237
ck_a1a93c5f375f6021,0.015850285183464114
ck_e3982142336782df,0.07784067213434648
ck_a9812ff3c111ea94,0.12669880602290345
ck_f04062216f95fa00,0.18768376457726654
ck_7c560467daca735f,0.004655523289883523
ck_76ee10d6e2dba70f,0.22928452820572284
ck_3521243bdac61178,0.21378596303648684
ck_28588fb03b320520,0.3204899830211645
ck_580dcec33ec232b8,0.021136281875308464
ck_7109923fd7dab20a,0.04482740061120133
ck_7c872c99481c1e9e,0.0974806014169605
ck_46f4e1f5026f4d1b,0.006050958252942119
ck_00d1ebc31ec4653c,0.04954430605457717
ck_aac70764dde15168,0.26229728822655524
ck_648c03f9aa4e45f1,0.09267852022491875
ck_5478eb69ef912785,0.5574617918332038
ck_79b8523137bb2603,0.433373908648223
ck_795c49f312640019,0.0019625650541142984
ck_89184bf7b7fe41cd,0.800930581207707
ck_97d4bd922996fa10,0.03181361485057256
ck_1cef30d08f3a598d,0.014548659708404016
ck_2f9fd36a4a40a6a8,0.006698003560689538
ck_40780fc0f8d6f309,0.06727929743077299
ck_9083ca9fec2a7f4c,0.02906243393853967
ck_62081bc35aa59931,0.041620370714475156
ck_2e1b46c5fc56b863,0.1923437556210004
ck_3d139692c51b604a,0.22883811055114495
ck_b5e54e22e3d6960a,0.06003685588722924
ck_c0c4be3f44311b04,0.0372355004935431
ck_82a8bdd2692c2a5e,0.008258476158827023
ck_bdd2da300b530c5a,0.19267962522986506
ck_ee40498cd97183d3,0.10608394204029495
ck_70b9274473bd6dfe,0.04426990415486998
ck_473d6314ea614b29,0.06412177497964945
ck_7443d6dca8cd1352,0.01778961828957955
ck_3b49768b448b071e,0.14080736216405074
ck_b43f04431c267dea,0.0066484572276467
ck_4424a5223ba2fe00,0.06703863921210466
ck_819bf3e8231f4081,0.1436301937124658
ck_91d417507a8c58cb,0.579316111795366
ck_e88e86b19cada4aa,0.11407549670379706
ck_59684167f9c6bf4c,0.3862495046557283
ck_d5f5b0dc97b9dc27,0.04781019450632453
ck_13d1b192bbff8f32,0.14413232632930317
ck_b21d8630387cabce,0.10315737470052092
ck_e4ac22046699b99f,0.04708819330896828
ck_74b848064f2ff45d,0.08158363876899004
ck_166aa980cc87fa77,0.18250932521055852
ck_98e337806104dd88,0.005720825116367405
ck_66eb09be007f0755,0.07470593223429892
ck_3ec9b9d8dd7be11c,0.14498683625541958
ck_8b8b9de339d75d0b,0.04971944754550011
ck_6715139e240007d9,0.014294143281248286
ck_a0255ab46e122d2f,0.004629403418854726
ck_66e81a4190c33510,0.037636803596119574
ck_5d75ea4f5c9080bc,0.5781751195750442
ck_df69858b8a8b3165,0.1051934797880088
ck_e15252ebd7553422,0.027851998177159908
ck_34d6d74bb3ed11e5,0.005207367454404646
ck_c2608f78f6851d10,0.2656976966429577
ck_bb99071e8f58c8a4,0.5542133749043444
ck_06010f0df5b7cef8,0.141663168111418
ck_8c582eb0f6c0148c,0.041974246865005935
ck_0034d010d28aea78,0.17255005758263575
ck_01c1f06692566ca1,0.0805506962681122
ck_4807726e797fb893,0.19983884623434567
ck_edc9668282e3c8cb,0.07731169203220638
ck_5486768475af7bb5,0.94390108964236
ck_3fb9813849e51837,0.03411331371560686
ck_861af5a9a9a6d619,0.007356090928979474
ck_da39653add0f1109,0.004646026927368346
ck_74a4244eb1f162e4,0.004817022846328498
ck_9a930faade55b8ea,0.007765241582400819
ck_fb6e06ca88519dcd,0.011609032660403825
ck_9776cd8263a9f415,0.07604649355953078
ck_b3dd1198ac5aea73,0.12806886397089218
ck_b6675a04df1a4276,0.00947613705474312
ck_5c7ad6e731b69333,0.5514837509012602
ck_28dc0fdbaec00580,0.36197034766378205
ck_8e7a32f7e3905f4e,0.14585921409770733
ck_8563fed6674afc77,0.0540826622559463
ck_9a2fcccb82da663e,0.12765059624967892
ck_6a519bdac0d94527,0.014779289127732778
ck_a0dab7aa9c4a39a9,0.0323303834934323
ck_a3ce05e9e5e32142,0.12118752581749014
ck_7a7e40ee3f97c035,0.07579828192894582
ck_9e9a830785112a73,0.19007519249801672
ck_ab1bb02f6b189304,0.4298874678652031
ck_7b8cb0f90fbdc8c6,0.09499238297554577
ck_b138fc249e659e60,0.0919203976910762
ck_e73caa3771ec5e0f,0.016775563201418174
ck_18a55b06ccccd88b,0.2109253390173816
ck_fdcb1d9265d8fec1,0.2921308750436632
ck_e21a900556b382ad,0.11159065130614207
ck_c6bf67470f526771,0.11896741660056598
ck_b568ba3837afb39a,0.004653885296732501
ck_a2858979dd5645ef,0.049852037952267045
ck_1da9d40837ebaa57,0.13061584929989364
ck_9341c7959543c542,0.018495320645516282
ck_c8ad86806b9a2369,0.11369370014130302
ck_5c85d93ecfed4b0e,0.02814537585500825
ck_f07b09879d697b82,0.007252805368216605
ck_fe43da07608b1749,0.07918790581036309
ck_4bca22b5926b9c28,0.007743430830677531
ck_aba573aa942b1d41,0.04628916888716342
ck_57c14e32fa4683bf,0.009350281278957637
ck_891530b489ce402b,0.019304243069470983
ck_5e74fdadb93ff293,0.11710810909656852
ck_14436a409ebcc90f,0.045299455016416884
ck_00013fdfa0bd37dd,0.02587771009979658
ck_7dbe24ba01316775,0.3995616755606867
ck_0e3f80c1553c591b,0.10122559544003905
ck_3edc45db58760d76,0.06817642806879867
ck_29076a13f539187a,0.7650937301282528
ck_b1e81b58b9a545ce,0.2670688034371326
ck_3f8571d4f7420b2a,0.2602333453386877
ck_7dff6abe4bd644dd,0.9050472876635004
ck_2884bab237af16b7,0.047732651006326274
ck_231e6dd1fe708000,0.029384248356440885
ck_33ecaa7b892e73df,0.10523565948461584
ck_b109ec4c63503030,0.03185504998572391
ck_a7f522382509cef1,0.01439107774738305
ck_748b3ea941d8b3b9,0.044507618067621484
ck_29f3a1737a2d9634,0.09286029657847034
ck_cee8d42475a0f020,0.015074782236929969
ck_c6b6ebe145a8ffab,0.015387202616070395
ck_21c99e1d6b881894,0.008504392023440858
ck_5ad798286384484e,0.06422454148456243
ck_b621b6ffcc7f4848,0.006122060076649786
ck_ea819e337233475c,0.7991704969628189
ck_9e3896c2668ce06b,0.11331203763343758
ck_501dcf1ead036d2b,0.026243501620689627
ck_8d5eda29a2cffa3c,0.0348878042591279
ck_4d3aa36ff83f1132,0.6978512318887317
ck_8e9faf94e3e6c757,0.005922053722272993
ck_ce0ec41f96951048,0.25680168190642993
ck_f09165d73ee903b1,0.11828031469334771
ck_a432b1bf1d3b3d5e,0.5758461114580494
ck_ea618f720ff0b4b0,0.02507729568621276
ck_7584e7bd755cb28a,0.09168340132354812
ck_e14681aad43e1a72,0.10298025165542625
ck_5e18870d8e30e379,0.06654709061659189
ck_ff7c26a62bda8089,0.006550399764293213
ck_cc5a35175d381d5a,0.028093839176008273
ck_3c25029e40aa8a84,0.020405961749869434
ck_771247b5bc16c12a,0.014733011302768995
ck_664b5e02759f985a,0.021212010586518806
ck_692a9e8f504b9762,0.00622571510573287
ck_df8ad2deb0a4ffed,0.24747561966710602
ck_eb48c0bcd12ea654,0.08071066044932336
ck_7c77e597c951cdad,0.12897552556703398
ck_4f75144c6f3b13ad,0.048843639133641564
ck_1bcff399166d7c43,0.08007746453266854
ck_975c2aa3d4a8c51a,0.05838163918779039
ck_bc6f07b06aaa4ce3,0.6873999911496254
ck_80b072b7f3c7e8e5,0.051935384030720025
ck_471e4018a23b4e56,0.01708002907255465
ck_53cddfba570b4a3b,0.10057464825853897
ck_630530e50764f229,0.027103801023604435
ck_dcef7887a4f1e435,0.13176473526329321
ck_2795921a055643f6,0.0362491182843459
ck_7456df89f3792235,0.02013558035194836
ck_5014a3b07e1f049f,0.7400527174665142
ck_d4ec44760cbe03f4,0.06750151319536274
ck_96810ad39d4cb7b0,0.13389872056964763
ck_3222ea25aa29bfa6,0.008007710483884706
ck_f6c42001b84a10cb,0.3003447798636152
ck_5ac86682385c86b8,0.22708394752746647
ck_4280c33af57eb4f4,0.0054846928201763455
ck_05f79ddd8eefaa56,0.10442101514363945
ck_3a57a13ce032a6fe,0.045396069274251286
ck_a721f0d635fad68a,0.1152311934048944
ck_a3f821bdf408c326,0.040045501835225594
ck_0ada63008be5685a,0.18226382589479748
ck_8c949bdc6e8720fa,0.34205042649114775
ck_c0d2c56f9c722e99,0.9669556483100891
ck_5d2b9e6e087b8dfc,0.9817276320800278
ck_5217b55593a332ca,0.3517397433580639
ck_7a7bb9be5a7e48ad,0.037070056547950994
ck_24cd0d779e866287,0.012337124642776016
ck_7367917891a63771,0.1809959729054915
ck_4b31a8862a857e6e,0.9223879873929486
ck_81429c4910ca46cd,0.07438657974134409
ck_b35d803568f82d9a,0.048696923699617894
ck_4b00e75c2d2d0522,0.014651580496223797
ck_77fced07f6dff42b,0.07903266595097665
ck_3c9a06eb07c300e4,0.011467178790467677
ck_b3867f7f494db64c,0.013909270439712936
ck_0c45e54897ab34e2,0.2369346527875062
ck_507a6a580ab55c76,0.046021201179422884
ck_291bffc7809f896a,0.014566728208803658
ck_3753cc5b9d02e2fd,0.03108477399599721
ck_4f63d5245b3ac1dd,0.24640269736108797
ck_9dfb2ae78659240a,0.035335508374100245
ck_90f6f5ced708aa75,0.005096110038304878
ck_8b5b5a6b5539e39b,0.9798270886324708
ck_4719112b55d20161,0.08136922112044961
ck_fec888a7108ca52d,0.9886767918125355
ck_4f5d022c99f118b7,0.13480618066419647
ck_e967ff05514b697b,0.16602526732261771
ck_839ce35819bfa4fc,0.012016832374810767
ck_bdee1221b9addff8,0.03140353802551121
ck_9cde4036d0914427,0.1518939209530624
ck_5ac959cbcc5e98f3,0.005873396225734168
ck_619842688294dabc,0.07956726252117109
ck_7373d7b04c7799bd,0.2247658620207671
ck_c1dd3feb9a0b6471,0.13475356309828956
ck_0324a4812ec319c6,0.023715564882921057
ck_7f3685aa2933b251,0.22100020957850788
ck_06aee5a62a67a84c,0.3930106911693626
ck_3428910b44b9d08f,0.06657625741292857
ck_c3ba7534cefc1de8,0.1509450867740668
ck_1f1273a67cbad5e5,0.7768059480718185
ck_124565a11b2f8bb8,0.04550142025007967
ck_38e46bc861e0165b,0.21019930525285996
ck_c8ad3f01319c065e,0.08360351882986301
ck_3f94a34f5038f7c1,0.8452390456999231
ck_cee56be5a502fbd1,0.45001879082023105
ck_2b90b76cf4d162f9,0.10058850365665462
ck_884b2e463ff1d54f,0.03254923466744553
ck_fab4f2f8531b4827,0.07641339337372333
ck_4fc6256e0e60a926,0.04793136383116169
ck_0a2f8b2f8a5b6f02,0.03031989821648793
ck_9c0deab8a8367c5e,0.007940213775524035
ck_d3a2a4c011fa2554,0.021455049155480084
ck_4108b4038f762817,0.5857989097542484
ck_4df036e2aa7e1056,0.05139957484028856
ck_ec094eb1cbb3efc5,0.021539730635994295
ck_09f8f51bfd2492c6,0.13919279470438375
ck_b60fb9a10d6f4489,0.1548064322691237
ck_3638bc3388dbc1bc,0.37753608872424615
ck_7a58e0cc9943c39a,0.023088985148231763
ck_37dab6a0a536ed49,0.11634037291409216
ck_adc576690df5b33b,0.11428095525314858
ck_1383b2b1875000f2,0.10242110712630807
ck_43c1248db37a2eb0,0.030776661946026566
ck_29c11bd68858e923,0.01256448628514284
ck_9401f9e11f65337d,0.0547313641501323
ck_ce5ed372b1a2ed6b,0.12991054500582286
ck_08b4619490e751a8,0.9830853420167112
ck_44b9125526acb05d,0.1541200829281319
ck_ef1a1de20d2124cb,0.18268933431574466
ck_e5e2624b7fc89774,0.1404038449747237
ck_f5100511609b92c0,0.007890955399945854
ck_64f3bb17101b7c42,0.08073352531214345
ck_ea1e5b5128ecba2c,0.009762258310387406
ck_516163fcf04d5e77,0.0894418413764499
ck_7f9a748110d70005,0.014663852924788433
ck_d263b55f0a681cce,0.15572825280950303
ck_0e962eacf98a813e,0.02715670712118878
ck_0406931800e0e2e6,0.059349155926477916
ck_0e9b982afc88a3a9,0.9852074568215111
ck_8bbb625384edebd7,0.0030780409271677993
ck_5eaeb87bf6207406,0.9682840906387041
ck_cc3318839c4b0745,0.04437488122897039
ck_08a0355d1f1890ef,0.06176518688057786
ck_af7ffd1a822460d3,0.6875670427001858
ck_2a09c7aa870edb6b,0.014391369015173568
ck_bc04f51c23290bcc,0.0903572283692016
ck_d3a8333cb389f4c6,0.11225844115755064
ck_88e3dd3039508332,0.21241510262027832
ck_b8c7771de9b57705,0.021244147637444193
ck_585ababa02383b50,0.09204814805491815
ck_e988c108754cee9c,0.03595090474147634
ck_4a691892d9d6cf89,0.047757146262826455
ck_7cdce37d895eefb8,0.12078969811608044
ck_483fb981a1fb4317,0.015861792594979454
ck_c1e5182bd99e0e35,0.48255689766644166
ck_9a1e3ec9a1839939,0.20566847126640125
ck_5c3f13de0dbd5086,0.1731319980415698
ck_f4f6f0caaab70040,0.02770989293452465
ck_791be3378dd7d64c,0.07792454659790475
ck_956dd784525f5886,0.1272292382267177
ck_098167eaf124c279,0.16445437758924158
ck_33ecff7914349ebc,0.03905100654809812
ck_e05d44e46c7174e6,0.10600935198312868
ck_1b2ce474fa6582b4,0.17586450603707846
ck_ab581082e8f72e3d,0.029011485280456654
ck_e63256667aa19070,0.07253851875985047
ck_f568772b6cb3febe,0.07828578235091198
ck_dd89a282375bbab6,0.2708726451856203
ck_a39d0bca345b492d,0.049404337809580125
ck_d12d2924d0f7a64a,0.031458872308401824
ck_6a548da1728b5823,0.984654946185167
ck_6d64193681d2a94f,0.15259391509843293
ck_ced6b6dcdc7c201a,0.026712189037643566
ck_d1b0699d26282871,0.026422812215282126
ck_58f757e40a9b8877,0.12873825358011562
ck_3272c2c4a37d5220,0.9119960373928994
ck_d94dfde9e03c9d1a,0.04237723085533985
ck_08a6d4903a7fbaca,0.13112740208944726
ck_6c72a36b05fa0f4c,0.07295843986935548
ck_dbb4bd4eda97255d,0.050324677593758846
ck_94b59bbc824b307a,0.03794716736830507
ck_0229a07185f15469,0.04796120019373077
ck_11bf1039f8b3025b,0.028388411196715445
ck_36789ca11459131e,0.3986052383637551
ck_8572c5f5c1447c62,0.1808193657551357
ck_9e75c6641939f4fc,0.12741596718371384
ck_b45e47c39d4dc7bf,0.11262250430667603
ck_02903c48b6cfd65d,0.01116226575094163
ck_b153386f1729de81,0.012484142407174515
ck_36979996f33498f7,0.9251036257726191
ck_3c02d4dbbf6716b6,0.15932780365793617
ck_66c9a19963957531,0.17538015678179797
ck_bae8dae7cfd8baba,0.008246634235843419
ck_bba0ccc6cd968680,0.1878303237285898
ck_3267fe3aac05c71e,0.0328318360251507
ck_40052cac10562cde,0.19660616966377029
ck_d973444855403e2a,0.06956610390619106
ck_012519bb095ad36b,0.9897424336404058
ck_ad7c256ea10c4a00,0.5315519281988977
ck_70a60e095e9b706f,0.01742717632711315
ck_f2734417c0db4ee3,0.02272695812488389
ck_9cb89cc3178e0172,0.09937121631919414
ck_779cc0f2de4d5488,0.4110908193741871
ck_35f8656bf93e3b3d,0.13326050352954522
ck_bdd8eba728800e29,0.14622495492120177
ck_002cf760d173f0f8,0.10930929749746816
ck_b046067c6ca3831e,0.015772658167425513
ck_a4a42d4bff8af645,0.029626960812892532
ck_bce253d2396681a1,0.020408564467525505
ck_00dafc060c8de32a,0.035373311245152264
ck_968a99e097ee78c9,0.2987032666975252
ck_66949171b387bb93,0.04884663811798234
ck_ad305286702b1958,0.017007655603546532
ck_4732da7e0d2dfc7c,0.017005491538990322
ck_17a95bba77217d85,0.09782205300673784
ck_3e2516a3e35067e0,0.03257189799541174
ck_0b615ed566da1f58,0.13700134721180993
ck_d2b3ce1ebabe9f93,0.10583283418361579
ck_a892252e4e0c2828,0.03370639883940171
ck_cf606fd6ebfdf9bc,0.015469592519609335
ck_718865237134ebe8,0.04473530046863652
ck_878522cb775b904c,0.126487428253082
ck_9ed53de6ef779ae0,0.009788596018195313
ck_3f16e2cd7e6874cc,0.08979760814849475
ck_3c59df37895ead2d,0.06478270420866786
ck_6821459b626d492c,0.008924156183867552
ck_11c7667920541587,0.08218643434729389
ck_23a016cf6b98d89c,0.119699989570541
ck_7137eeb394d200f1,0.23485311532608855
ck_9c4886c5c90ddbdc,0.03154761829059935
ck_1422a7bf7756294d,0.9727113312555518
ck_7ebc5fa7f0d3b8f2,0.15926355780109597
ck_fcc2059a8d5c41fa,0.6078085318147759
ck_00ff7389d6a83e29,0.45033923059426995
ck_03129b41457795d2,0.05705488778689632
ck_38ba64efa7c38250,0.1931087724351824
ck_57a6b56b09bff24e,0.050608209682729464
ck_e3b3c5a80a567418,0.012380340336971593
ck_fc40a16adfced018,0.013710881330431557
ck_9d4b5e6b43bad4d8,0.008355224571590016
ck_61129937ee466b49,0.1513482715792278
ck_74112e47b8629c2a,0.24653903287978543
ck_b4703ee97f94d7fb,0.005321518458467082
ck_e560f720a988d8a2,0.9297578081718265
ck_708fea345f68037e,0.0480829676141922
ck_25394c1b83e0b803,0.10120388851556156
ck_17ab24fe914ae44b,0.011505691490059594
ck_16c501470d9bb006,0.011631867822120468
ck_628f449e248c19b7,0.20106292953722849
ck_6d64190623dea714,0.019059685097334602
ck_504a45ee08db72b6,0.059049159128010335
ck_6cbb011e0c70bc7c,0.013015778344048275
ck_b3225a98acd04f83,0.030509277541187627
ck_aa37993f1c17cd1e,0.1794155414072457
ck_558cfe5f77a55a9d,0.039613579522493274
ck_0d0a1a021efea5b6,0.12954379770384933
ck_daf7aea023b7a8f6,0.42396982800289745
ck_d75f25184ece2b51,0.010499353481878715
ck_466d4b5366c50b98,0.016127290569989645
ck_88f27ab479063852,0.2350283918432174
ck_66779098e78c1760,0.038674142290898626
ck_b150fe4efb449b05,0.02192820604220843
ck_9c3aa9f23d01fa1c,0.03731375361685643
ck_6a01c375fc26705a,0.0061819165738116605
ck_002eb6552b504ea1,0.05970425674069837
ck_affa5aa0bff9bb0c,0.1061233238785706
ck_027614eeba8b1a4b,0.04427204334784018
ck_67e075c982add719,0.06960795924097019
ck_399b0d510be98bd2,0.169900311372082
ck_e9b0bca7368555ef,0.01174437340603409
ck_59c29d9c57b4f994,0.17875790673546288
ck_37176850ed68831e,0.047784144667035955
ck_a0db4ccca08030c3,0.8518424794424289
ck_aa188e5c25f7f42a,0.045933731167941465
ck_7de6997178207800,0.010310042041049084
ck_c729d19053387be9,0.34991077647064195
ck_f2d3e3d90608596d,0.7292176663507088
ck_2db3fb565e0211ee,0.0099779989149843
ck_bed8a480e27e911e,0.24547780064092747
ck_d7ad9921a4d25926,0.20030802806075587
ck_2a59f23fc5194699,0.2029896341350323
ck_63601a58a6120d8a,0.29300412312252605
ck_efd7b9e22c6317d6,0.0709809757870109
ck_9ab42875a0f95b43,0.4530772470236432
ck_85cb5033fca7c846,0.1326158876674861
ck_5249b223000915ec,0.3027662885203003
ck_3efb0e9bf25612c7,0.02087571663780557
ck_678e74532ac19700,0.07840015589779845
ck_a980b296c95153f9,0.0447445133479776
ck_01ac687ce0d696a7,0.17349290880901402
ck_52e1418cf1aa9871,0.05859509438211602
ck_7d28da4f1dab09ee,0.334926525392877
ck_010d0c2e6c1657fd,0.19547719604657415
ck_b524f7a2e752b9d0,0.030423297012463237
ck_cc447fcc24a0772b,0.3630085345073261
ck_2cb3c99845e572da,0.018946706711926414
ck_604c710141327a81,0.022220460839239703
ck_8d5fa65717d2e0c6,0.060869916872526686
ck_31199510b40602a1,0.03738950290155838
ck_49e253ea12f4e922,0.11868288960732543
ck_780738e0d71e7e43,0.056307720730329414
ck_2cd21137a07fdd7d,0.07700314894578732
ck_5e021f2a3b66e256,0.2785536943213898
ck_efbc79246e32c66a,0.1704862347989049
ck_9951bd806c13c7fd,0.4944841287122233
ck_7a52674e2806d8f5,0.2543728767782582
ck_1a319e509f1efa1a,0.014447877642391369
ck_c920901b9a4ba993,0.9686183093050318
ck_b71279e807d0b3a7,0.051153039722790644
ck_47e1032f490bb018,0.04535433343243198
ck_192579ecdca7ff83,0.10432162877067087
ck_b1496c474c4a3239,0.011285528541821886
ck_5e68ea2c5e893cf0,0.20315683025380643
ck_f2ecab85d4693b4e,0.07611135498708645
ck_89d7bfc81c3df597,0.040755465091402654
ck_7929284327667791,0.36704159474875236
ck_494ec63c5ce8e150,0.0759145450660927
ck_319b059bb2145586,0.26491457720109424
ck_ccb3767c239018c1,0.015589286636030828
ck_a1c7adfe26e09a8c,0.10642333117256941
ck_0e13c4f73818149b,0.08336662199800808
ck_c285a51ed6214f52,0.10133710172670662
ck_916784595f028226,0.5634905297342545
ck_6cd8e0196365c474,0.0234714704894108
ck_57b657aba4daffde,0.14629228793383642
ck_562c76a3753fc7da,0.44432528485977274
ck_66cfc1ebc9a513c8,0.028732565170901232
ck_0f38d4aed68d7d24,0.058124791461989206
ck_d8ddf5e99f7859e4,0.08927229214873442
ck_41bc3efa0fca700e,0.1025507278365461
ck_40799e129fcf42c5,0.3140653056065443
ck_786f079389126e44,0.09383711267421575
ck_bb4c6b713eb0b978,0.16613823330043334
ck_4f01f7eac0efaba5,0.04535385665259692
ck_47d29c01b20cf69f,0.03373917689441297
ck_bf15a1f8d67a30d3,0.07503289126444761
ck_bfecad7586f65e4d,0.06618057328447055
ck_fc9f16df35190eb4,0.7699557591535933
ck_c09c914e416edd08,0.0735537189521188
ck_c54c5d8e4433b0f2,0.04464400283381648
ck_1694c28f44480e98,0.04292178598237418
ck_1dcaa3078dbb7571,0.0032750331758867606
ck_af559f990c640e41,0.059016052948405534
ck_9b436162039a77d0,0.2573423551281103
ck_79d62ef181bd0cd8,0.0900106035111422
ck_23caafc2cd34242c,0.06481120422428996
ck_ffe2aa26f597e552,0.034172470662576955
ck_e6ffd0754ac08661,0.015754450381431494
ck_beaacb4a783db21f,0.02511296749930445
ck_9863bff41d24ce9b,0.0741413330601893
ck_323b9cc5c49f8ea0,0.7439420850967433
ck_ab3de3d3e41c2082,0.029967913429237228
ck_35c93b2924900376,0.028291381220957368
ck_5a9d5f9901e37e31,0.1124774730176755
ck_782b0be796164335,0.011649084103654072
ck_11960b5f1c7a5e2c,0.10645924954857931
ck_9a66cb13a9884cc2,0.11363075284293934
ck_ba666a425930615a,0.00878266491507125
ck_40140bef4db73741,0.05193460742373968
ck_e05e91cc180063d4,0.2939514937259084
ck_c7f6f45710bc050f,0.00877742257753406
ck_055fb9f2e1c8c934,0.11718833273504597
ck_58bb02d98e2b9cd5,0.29502349543982004
ck_d9f8efa6a7800f76,0.03260351132948272
ck_69691226c68fd50b,0.8591991730233186
ck_6f2f0396e5b1c538,0.9654335660907514
ck_78bc3f1d0f35ea6c,0.05951751355669621
ck_2d5a6b6636a2596b,0.020156633609101443
ck_7878545739af0a73,0.02791547431358006
ck_03c4fa4f3ed3512e,0.008900015242713097
ck_1a9e51d092d62c84,0.5946063633557974
ck_9f3861940d8d873c,0.16204311706456886
ck_4684fdd61c6a0fac,0.05070493900108047
ck_715966f86d5c913d,0.027182409452541224
ck_77f293d44b4a3d2e,0.2465569048802807
ck_24dae044dc05f849,0.09981006206755982
ck_00b9818e2064405e,0.30239446857113705
ck_c1c2cb49c3c1b0f5,0.7399617066846654
ck_bed50fc64fbbf8ec,0.016133889678174588
ck_4f6ed5ea5ab7c429,0.025307553221341456
ck_458531c22ec2f9b3,0.07281177642141565
ck_51c50c4c443df31a,0.7655386743948198
ck_732d45bd578dc39d,0.038784442313969214
ck_783fe5bc20cd02db,0.1523537453101035
ck_7f188aaa63d1d442,0.038322680556139556
ck_ef307a6aee38d1fe,0.9749861733306345
ck_e37196b20968b73c,0.10427843970816289
ck_4ef9de711c3d93b1,0.07679042700201365
ck_17946516d5df71d7,0.023893914131896527
ck_3534be0f4efd313c,0.1346634711441825
ck_29fbabf855cabdff,0.02834878227053127
ck_191673540d8486af,0.07233298135709974
ck_5f52728d777ff2c5,0.057777937006205884
ck_a045a19369016818,0.9875804862089416
ck_4eadbe7298b15e96,0.09385725542743334
ck_a3a0bd59729fe619,0.04110377886904848
ck_a1e77090b1c6ccf4,0.03415767602951047
ck_69ab9d4784eb77bd,0.14881848431302613
ck_baa47383ffd50f04,0.016997977951388448
ck_e35b2ed08b9e55a7,0.04790942974092754
ck_b6e3af0a5119d9a0,0.17387687294555854
ck_a7c1dabf3869772f,0.2065781515423873
ck_80b8fca67a14e0be,0.800488748338414
ck_dd9c5f0c42878e67,0.010978122051738004
ck_41ef7967faf5ce82,0.002828543940618317
ck_a93560aa348d6225,0.11649135975025039
ck_ffe91d6f0bd93fc6,0.12478688664381503
ck_fbf630c960194033,0.035132978050765894
ck_497ed60723283c0b,0.057538113501176914
ck_2a46b7ca55239413,0.1553944717949003
ck_1a4e5ace078dd782,0.09097463580558994
ck_616cc31910f5de50,0.010678017355255592
ck_0d65bc749eb42710,0.14261836113981216
ck_2408db62e4395ccd,0.15909060316062779
ck_5d7721930106dce8,0.09408662777400573
ck_e8a6acea22b20312,0.7437754630762607
ck_e2f792fae128b18e,0.5102398303046141
ck_e6d3ce445b86003f,0.02222707707860286
ck_263334d722ecbc97,0.869286932020845
ck_8c5b29f6666d4874,0.1154727826966473
ck_7ea0bf310fc20c7b,0.9465048440035541
ck_54d463f7fd89ec3d,0.4024384627192078
ck_79e45040dbdd6447,0.18166125385445117
ck_60b4d59953505682,0.9634455081509872
ck_fb00dd5021642507,0.11161110468311164
ck_f409ff994a210601,0.4179354269688727
ck_2ca0020038bfec58,0.384474871298102
ck_adf84b9df54c3d80,0.10207159998346838
ck_942dbf632591b65d,0.12161988681788596
ck_454a7e4d859a3409,0.004299068727729382
ck_2139062d4569aa07,0.016526061180568607
ck_e949a0f4df0b3902,0.5865482178265513
ck_bb113e3e6716ed65,0.16312435560729832
ck_6a28ea6ce69cb869,0.3733173201716421
ck_7df9910af2bba21b,0.03981828063838703
ck_78aa4b731cbfe251,0.021378117963506988
ck_5839f5cbd8165b1e,0.124942566546195
ck_7158ad9e58769ffa,0.4921291653444436
ck_acee218cbe61df69,0.211016901255046
ck_f8dc8473c2772729,0.20144174652023736
ck_f34c93a8173555b1,0.21600878359848777
ck_7cf301d075e4e709,0.04533642839284629
ck_b87e88ee5512ea17,0.013603440208886984
ck_bed0c020b10afa3b,0.1020054243624518
ck_ca10102961f99eb4,0.0172599502595589
ck_393287947b5c8d79,0.1806840101797567
ck_2fe6cac002142f67,0.3196429781661064
ck_79c7f0d29b1db1cd,0.09569505114262954
ck_c735b643d3cbf67b,0.0439854954051877
ck_ea4332c8fe48e2a3,0.07476560164102926
ck_d39864119cdd460f,0.046035265046018244
ck_3b963d6be2773861,0.012623132645340072
ck_df39e3b8a9fd0bfd,0.6643664487533867
ck_6236a461dc0d11a3,0.010008339894615626
ck_475ebccca25e30d1,0.05316838159979775
ck_c10c8bcf5bcd516e,0.1468883221702981
ck_49ccc3716a564256,0.06756615870572076
ck_4e4f99102f6938cf,0.02875989822542763
ck_a97b481ade6f7972,0.31068361953490153
ck_3fa559c679751b3a,0.10602893782917548
ck_3eba1fd2c7acc4c0,0.49301113910586114
ck_18c179b4afc4fccc,0.2594475151457374
ck_cc1c0b93d05b7d20,0.1787007933304244
ck_742f7c28ddd019e8,0.1369695357490918
ck_04470bc93b8a0d71,0.07942890059585311
ck_6e8f8ef7a03cc6bf,0.02929416538196565
ck_eb1ddfc353b4da83,0.035097229920174604
ck_98831b57c7ca2e4f,0.018196455718511376
ck_a6c7b8d6e8596d4f,0.3106353810413446
ck_cd7d24e3b095e96e,0.7273817714221275
ck_3f5ae4673a9f858e,0.025020398823385318
ck_05f375fc8ae0afb0,0.08254512535403241
ck_1fc98436281ee39e,0.012580460454862299
ck_6c48c58678f64bae,0.010722917108665481
ck_8c95aeec6a4c75b0,0.0618783032040256
ck_364cde38958b7af3,0.6653266721609501
ck_85bf21aa1a00452f,0.02880965223239819
ck_796d3eaabc667c23,0.9948551799424032
ck_ac449ee0c315edde,0.021737682365677687
ck_6f9fd15ac6b163de,0.009951220823201759
ck_4087065be2a45ad7,0.7805503664216963
ck_ecf006bbc78ee3eb,0.5742960053157672
ck_8ca808cc5a49cb5c,0.062242575451671715
ck_94b90ab8b2dfb50f,0.06597314845818932
ck_59fd11b3232de9dc,0.9878222199386124
ck_67f3794d93e2dd67,0.3373244953753386
ck_b7f5acf5df1bb13e,0.10789581879677783
ck_fb04ecbaebb774bd,0.061062312782235964
ck_68ef3e7301c621b7,0.09062696813954672
ck_41406cfa209b6bda,0.01963528804639166
ck_b0f8f5408662337b,0.007299087911965792
ck_0d2901bfe585c391,0.6769255875415798
ck_3398551e81dbf3db,0.22971289717706517
ck_61c3e3e277629646,0.10790901272828503
ck_2825e34dd3e7ea2a,0.018540462626358684
ck_20d7571ba830009d,0.037498528921448775
ck_c98b16f9a72a6568,0.001870107761288644
ck_e7c8a9e4641eb9ed,0.00522176350354715
ck_254a7c97c36dab8d,0.08161398720190322
ck_e98429675b46272b,0.08944006837206687
ck_c2fc0ac460786d02,0.27150422237569855
ck_fba15647b3a140d9,0.10968780141540567
ck_15ce50f2704227be,0.07683084028668065
ck_8c748aaa4a4554f9,0.03828097024483088
ck_e00e82a9419ff086,0.15026204854363115
ck_832341c98254bd84,0.06719870265102047
ck_27466468d06db4eb,0.0791664975498431
ck_9d7b9e3ff1f3e71e,0.03166798200500197
ck_42c6973d3a6fe983,0.004666192117804022
ck_877c85bad118bc62,0.22724079161595973
ck_75d2a2715259c4d7,0.47698511369244273
ck_37d3e5c681a2214d,0.6453379468436606
ck_bf285dd49f372de4,0.20048314300013512
ck_a5bdd026fa9c50fd,0.0768790603790192
ck_88d9244a9cf7a77e,0.958327028301619
ck_5881b174e49b04ee,0.033351879221470065
ck_5b16d67c5ea89930,0.13805061996601237
ck_b75b936aafac56b9,0.06582344041804038
ck_aed2681e1646a0df,0.24303341866043687
ck_f63cb5e8cc702bad,0.08697494461005632
ck_1805fcfc4a9e4ffa,0.9308224555331237
ck_25c355da356c730d,0.1659330932302516
ck_70396398e4a96449,0.02452071762986533
ck_0f743bd13373748e,0.09941349927327214
ck_4b387765f0e916cd,0.025740855757851493
ck_e971faae8a10a260,0.01737233654642346
ck_9eb08369e983abfa,0.008118651794137571
ck_c30c5844512e429f,0.2781168743012526
ck_59e77e3a81f1fa0d,0.11353223802827248
ck_ca4465f2b5c1a52e,0.9851284695631792
ck_c89b9ca398402f1e,0.021131912115027768
ck_36e72ef9273e7a95,0.06268025548659799
ck_2bdd8616870e5e1c,0.006189096145070101
ck_216e87a41de22b5d,0.2270231602454744
ck_60f4fb44f5efe3a0,0.011399906026783967
ck_05652e8ace6ce6cb,0.012349139469451858
ck_8c136dc691e65695,0.005213211378940957
ck_a08f8dfadbdca112,0.017423041968262387
ck_bda4041a3e90d860,0.06877685100085355
ck_15dd3ecaa8ce0245,0.8699545038120321
ck_3e3c64b3b7876ce6,0.09485587467979645
ck_46225858a38b2e57,0.031618926557390806
ck_0cb9f54928f4feee,0.04216485807556565
ck_152671fbf8a9a78e,0.11794477523121527
ck_ee7a515e87d17d4e,0.11892550142610811
ck_f7276091bf513d22,0.013086054432300495
ck_4f05daf1cf0d5755,0.03395221305873478
ck_83a69c4a5d55ef19,0.11066645584269984
ck_c50fed2a7c9198c0,0.051726254688390566
ck_70d19d5650ddc8f5,0.11200805643755292
ck_4b4d99e443618904,0.08196014185217647
ck_dca0b6ca93311ca2,0.2585586702485424
ck_b7431d4706461ec6,0.038144107199196135
ck_7b59d22cadef3b05,0.4746527914562219
ck_53428573abcd606f,0.039481403732557326
ck_f538ab6aecf2adfd,0.006692512628037815
ck_d321249fb065d2fa,0.34028982241097555
ck_72fdfc7e6d8e1436,0.021283740014128482
ck_b52b99dad89ecdfb,0.0878009921552345
ck_d2d4282f9d256b3e,0.01565043787038038
ck_c8f2a1dd8a6141a4,0.0057051344813248495
ck_8d38747058d0aeea,0.7480262725921795
ck_3ac528caac74f563,0.03847433420406132
ck_8dbaaa00ad829ca9,0.07126247577657031
ck_7c38ec898f0fc21d,0.028851133848372672
ck_8171ef803f5ff604,0.07131473447403303
ck_01a750db6fc1168a,0.2968210058420794
ck_ceb017baa26e98c8,0.34853163209804705
ck_e2c66c72cc0b0f78,0.2796619404113975
ck_8d9518f64b222416,0.033697060222705195
ck_804c5a1fa5753617,0.038943808878843335
ck_fca7cc9c42695453,0.010552197225234806
ck_3a632cdf2c19051b,0.04952454905041546
ck_b2b63ea65edf1dde,0.324692025952394
ck_27b07021500ee841,0.049131034954790556
ck_9724718fe64c6557,0.9799680602831835
ck_2786cbc3e75ec034,0.604214903550848
ck_d9c2622cb6df380b,0.04615495539363913
ck_ae1da8ee98e402a4,0.03458589257085298
ck_62967b91504149f9,0.03633796680642127
ck_6b255bf68709109a,0.05259307591602432
ck_c55afc68421d85e2,0.09496407679143232
ck_7c7266f6ef2a8466,0.10983319689061831
ck_885cf685a9541190,0.6581037015536484
ck_1a4bb7d3d2ee3227,0.1806685349677412
ck_b4911c42f3bff740,0.037849341683717085
ck_66f9f78d4c6a3edb,0.10804112441171254
ck_49bdba9ee1899dfe,0.07547464685124307
ck_79b235d51718435d,0.15437827721297553
ck_d840db8cfe2ef6f1,0.011207113900762839
ck_610c7bcc1cd7ecb0,0.050190151767675946
ck_cf49b6544aff6c50,0.8834631161882267
ck_de05f97c3d40dd1b,0.16235826273047282
ck_0302f67d75973dce,0.04760878770099831
ck_54c2604c9ca6256b,0.17005824435521807
ck_a1c88c0568f142d0,0.4043680873316175
ck_5d72ff6cc2963d1a,0.013489174059071588
ck_0446920a1004c596,0.009375364282089597
ck_71044c29ef071570,0.05216222365365253
ck_2122e9bb1afffef7,0.038939486213650815
ck_d1e3de178601d3c2,0.04636627337099685
ck_bec8324a3587ef04,0.02090490920692954
ck_b616b6f45225f319,0.2722232339227853
ck_ce1e695884511479,0.1864717795758249
ck_a662b4bf900781e4,0.009366742901092134
ck_b5a84c5547378c10,0.01205611989103092
ck_f80af368cfc6cb7e,0.03698990494513391
ck_da3526ab6c5c884a,0.07072237761326938
ck_bd20be9a3392d79b,0.03680028585858184
ck_b8266dcd90cbfa62,0.10070626420259268
ck_ac84b33304362c06,0.11663900403901332
ck_794d8935a895e33f,0.20666657885379294
ck_8fea7d915259f1be,0.016147919692951405
ck_7a1519ad5ff45312,0.014827667314143029
ck_9bf3ce30b65f75c7,0.27873527346877586
ck_5f864d72d1eead99,0.1369250450806243
ck_3c48e0cfc2a58041,0.8218066609844956
ck_d902183f80cc81fa,0.3291176253801841
ck_539cb0d117db8cd3,0.6156736381025139
ck_28f530aec8e77130,0.21068114941398058
ck_e7d903c50d353361,0.27803371531121057
ck_d288b77d1e227970,0.2408838226807191
ck_017208fcc01b5d40,0.0337351787357451
ck_7e3923d278a5106e,0.08645300307380664
ck_9700a00ff9e66216,0.1946301334865602
ck_5c36c78b7a4d138c,0.32551599853084756
ck_c457e9c9224b773d,0.10378153105604834
ck_1dfa91405d7e66bc,0.018516000816553867
ck_f1d8a2695a575e56,0.01434853791842503
ck_3b92a46daf8d00d2,0.0580101824310754
ck_aab23b5470469649,0.06499465311507602
ck_ecdd01a391610d99,0.01990353266272795
ck_abd3aa292f8edb4d,0.23994132250812075
ck_7fc9a0776e1339e3,0.03521131265143211
ck_c0389ebeb0e65cb8,0.006512318172200599
ck_48d0fc4f6a2109fa,0.9616627880826172
ck_571dee4f3336c7ce,0.14252115596417664
ck_4cedf26628c84f26,0.0813324724527675
ck_63356762d24aab81,0.09148265696216959
ck_2c5bc11bb7ae5d2c,0.9535636473772954
ck_6d26a152f900fee8,0.028485098430519565
ck_c972b0e781efed3b,0.02837082927127315
ck_fa0ecbcf9a33d6ce,0.008928913150456127
ck_fa3a766e49dc77ae,0.09107386661813634
ck_7baf1e55db0dc558,0.11982939542016441
ck_e8bc49e6494c1f37,0.025835901383517035
ck_8ef1d05cc1e53e7e,0.16107684626922353
ck_cef2a485a77e0723,0.015734694879548997
ck_228a583f23abff48,0.10213706453234948
ck_ac32c6e374782b27,0.20786054376696664
ck_b9485218cef413f0,0.04352556839078629
ck_7f15503048915d6f,0.023606399909638656
ck_b62f5144db15ad34,0.31690030467124564
ck_917d82c552f95a23,0.10822010632142774
ck_fb4797045077bc6d,0.018953970464048356
ck_2cf8a44e041217de,0.05126508327802361
ck_b7dd681eb3d2ee38,0.03741156913250608
ck_e9e8cacd2fa35e79,0.16617301326659673
ck_342a79f91de5d1fa,0.14449154334004852
ck_2c91f62c05685ed7,0.04084164999788358
ck_e30cb64302939f38,0.1105175244311894
ck_d0e95b90ba86da10,0.06109766564148921
ck_1774faf414a5d49d,0.9710847061939782
ck_2401e8ff89e574fd,0.9261126707353328
ck_0cd8802264e0a1ef,0.07675398543763791
ck_da84a0dfe947fd3c,0.016922058980748167
ck_c8affb27ba7fb5db,0.25442930269600256
ck_bc7ece8787ca7200,0.05099836925675495
ck_469a0578d05990c2,0.0682656806734273
ck_eef67f8dea702338,0.2665321301241634
ck_4f490e379e9ded9a,0.011297995884431774
ck_354379de065a8ff8,0.008780037684403252
ck_5db1cb368bc41ac3,0.10282308133414683
ck_9b1c3742dd6fcb8b,0.03718118840178506
ck_63ce4f44c92d7143,0.09801887674705319
ck_e15e3390f5ed45f3,0.06243564475117185
ck_da645ea91d66aa6f,0.6390476218172517
ck_834ca727df855f07,0.1316186735738127
ck_e1d5ad20c737c745,0.3007128407173329
ck_ff8059ae5fa5f1ee,0.006101616093877585
ck_8bb9e75393954a1f,0.017172328443592066
ck_4e1757d1347ab387,0.9836471199486083
ck_af3f74b1d75a5d95,0.05378309327449244
ck_6b1ab0742ff04c3e,0.1615111959146803
ck_f56073911c9f1ab7,0.010444868430779434
ck_51bd5f69b4fe0b92,0.8821900607105574
ck_fc3d95030b81f416,0.004536212297780678
ck_cf78169633a1600f,0.03814596128926439
ck_ad7269eaa65c67f9,0.06673735259596096
ck_cc6d33890d47a6cf,0.20892333758224316
ck_bc8f31f4a2ffa1ae,0.011338041574859788
ck_720776a46e56dfa8,0.13030853490825764
ck_e2d1f212f259539b,0.05341995912040229
ck_eaf6f7082c3db2bf,0.19402082372875346
ck_773efe58c6278c3c,0.09509959885498846
ck_c4a72c09f2fdacc4,0.041605356249051345
ck_8982888dd6611143,0.03700520975365672
ck_9d5049e195eda029,0.04356727051834376
ck_de58ef6f9fe2b546,0.10600336611329607
ck_c0b50c11e4f5adf7,0.11037943404592694
ck_ddaf228487858bb8,0.15978114354497822
ck_eb2323215ff70362,0.163855824133463
ck_168c96a1a636ea15,0.04367479242211724
ck_9c46711b14d9eebc,0.012589143120209445
ck_de8af660806b97b5,0.022695825869460874
ck_6ab83f45bf16eaa6,0.04027792233425294
ck_bf2228a052815840,0.017675463382877923
ck_3f943f20a9da9bff,0.02191168356650634
ck_3baae40454c00938,0.11295939279915343
ck_bc2e771a1d8d2dee,0.35761150780181056
ck_e55f5ca37f30ce8c,0.08874741865153186
ck_4ad5937bef176d89,0.010703421079117495
ck_126531a9126c17c4,0.010170184488813752
ck_7ec423cb56257516,0.043407945517824155
ck_54748ae0f2daaf10,0.14175994976492207
ck_ff24776280ceeeed,0.058554196817510444
ck_3c3a1a1365741bba,0.012492190851158998
ck_615277c8a4e2b18b,0.022604032529696106
ck_a96aaef34173aee6,0.20956375903236119
ck_bea56db7f3e930e8,0.017626629778284955
ck_ca491debd3b32a59,0.14881394934762748
ck_d9ea77f4114a389c,0.003089983695286095
ck_322ffda3332d08a2,0.19862479221911827
ck_c40ffefe4e30b001,0.22373808164829773
ck_3b1d7648d4580bef,0.005725591914163026
ck_23981a3261674131,0.04153058030330218
ck_11667f5b9fac7bc7,0.010517018636702541
ck_646bb3c7be5f0817,0.025480733877528302
ck_ebd0a45712dcf07a,0.15314165635196544
ck_baf43bf1bd963f9f,0.10115649401096816
ck_e0ca2c819658f6b6,0.9954550395993337
ck_f0d6633d0834fff5,0.1610397905509032
ck_91081be0254878a5,0.02428259362409908
ck_1325000bc7f35b5e,0.007737506771681498
ck_c624b9063400fa3a,0.27831267478268223
ck_0ad6fa0e23c3bd0a,0.24447405708364567
ck_6ddb55b1f23c6cb1,0.14214369050636697
ck_dce1fb3acd65562f,0.009546673458662686
ck_a9aa389688ee5aea,0.038691141185272504
ck_5c5284c45d9ad8bf,0.17876118448517406
ck_9ce743dd3e92549c,0.22773894601564237
ck_8342e08cc2f9bcb7,0.02049228173642296
ck_25e551a0a8d2fcc2,0.17876050812139338
ck_d4fd0e438c97e0c7,0.5220526758633767
ck_ac7fe1c344190c50,0.16748994749721166
ck_ddd65711b5651f89,0.02002099009631493
ck_ec7406cb5cbc8f10,0.03721898960901773
ck_1c65e8d5be3b9c60,0.6197977446925699
ck_38ee42f15a573e81,0.12099569083235154
ck_0e5385c70c6de025,0.02510962751414792
ck_d3137f0f7629040b,0.03110499351107204
ck_9129c92c12e0c8b4,0.007220628015347299
ck_c86520a00e50a926,0.3148058124281865
ck_87f82b2b5fee757a,0.05988380117623579
ck_643abfbd7548d0c9,0.06983343508571813
ck_be51f4e5e6b85768,0.2674152309243778
ck_132c16312f37810f,0.013207100168007056
ck_c78c096ca8cb33ac,0.00771343132364229
ck_2ce5afbc014763b8,0.04801198254351341
ck_50ed8f4e7ae6710f,0.036857609984035915
ck_5a4eb535c9a11993,0.07795286946854633
ck_9b665ef46d785324,0.06559759009020173
ck_e066f71f8b296b7a,0.02337201969683974
ck_560bc6017870ab06,0.014324504605628362
ck_fd78f8a8663646d7,0.023017482242326907
ck_4af5ec61ddbde1a4,0.07961033944037176
ck_c2ed04a9d218410b,0.05268667966706477
ck_2455d43bbdd2bb69,0.03966496426342759
ck_56eed7041add49a1,0.8399105882587204
ck_5f0be7b468a72333,0.0888671682324537
ck_19660cec756632ca,0.011947251538419506
ck_fb90408f4892a21f,0.10943698414373035
ck_833a65b86a5d9bda,0.009772935045742424
ck_2ac36e1dff211d38,0.06491651759138872
ck_c00e70606904539a,0.009929562330243804
ck_ba8affe4b9505a95,0.8088451895671323
ck_0c3dd22587b08018,0.0755099167778926
ck_618c4e5cfae99dcd,0.0956832283924566
ck_c9690baddfc4177e,0.01408274907277776
ck_59fae092fb0c4aa3,0.11782537217768625
ck_e03b7d0fa0b28f4b,0.015180253674426457
ck_d451d24c780b5884,0.0598118239280105
ck_e980d325b8dbb8dd,0.012111935648042365
ck_cff18e2d8c520272,0.005763350939920276
ck_a0e46b67e986ab56,0.08618405227406803
ck_3a469039a5b9d963,0.06385826115811599
ck_12cbb211ebd2b437,0.19108601764832203
ck_b8cdd6d6dccc4554,0.006876968160393423
ck_794ba5921cef50c9,0.2982522247766846
ck_2c7667f64edec2b5,0.16740221900952515
ck_7262b4e0c29c942d,0.027090365821597406
ck_5d818522cbfe2a54,0.2102132625772526
ck_de39c1947fb675ee,0.2353063828353421
ck_c021495606b4735e,0.0097070427080077
ck_1fc03ba33edd9e67,0.2617053228455242
ck_a6fe344bbf67f14b,0.03838122039072385
ck_963762210edc5694,0.08526740949877054
ck_d064428b7e7dc409,0.01919291762086049
ck_59be61b53d971611,0.05473000220378595
ck_ec8738ec663cd2eb,0.08425224508690983
ck_59d086fab5998646,0.05414041273977125
ck_bd32dd3b2cbb7888,0.9914888285257937
ck_ce0166addb93bbad,0.012706381527509627
ck_7c0fdfbb447cdc04,0.03732623925407262
ck_cb1bd7635968ed8c,0.27301916385613006
ck_66f94903177f20eb,0.04024886100517487
ck_1d7cd5dcbcdafd7b,0.5944025528220569
ck_5e418a7c04437b4a,0.07847042692606554
ck_631ea1ae91ab333e,0.08284029066716034
ck_0a8029e79a5ae7ce,0.16602512563758842
ck_c4cca8278bdad9b9,0.008346398544863857
ck_4dec3df58077a257,0.2563017307604038
ck_609c249edd88c565,0.04454212784276056
ck_02e5f9cbbbf2f078,0.1768873538496584
ck_32e486859130458f,0.9707963859293812
ck_21ed2ea6386c5a07,0.0029005424178131702
ck_1242aa4496576a99,0.013648673037785103
ck_475ea9aa6d3898b7,0.23041110623866154
ck_fe1b1adae3be70a6,0.7611760007773316
ck_c5414d7a8031d4f5,0.04755522555250342
ck_ca1f6f01868e978f,0.3404690411790081
ck_5eff0208c74ec714,0.14177260306457942
ck_a315c9619a317609,0.14946060706053663
ck_2b87683c90acb852,0.23402716655916614
ck_7cd9f39c50748ed0,0.03190700257355691
ck_16a06d58d71935bc,0.33931685395686323
ck_d116e0e7c19b878e,0.8154433352087932
ck_931510e384b1d0cb,0.025582742257111758
ck_e7651fb87bb24132,0.014519976405966304
ck_88ef9f85948e1a01,0.018491428851110377
ck_17bf38d51115a8f3,0.010364822050601605
ck_2659d1d3762a2825,0.031030542759181948
ck_a7285955e2852686,0.09056240245828202
ck_f2c33d5b65b321db,0.15478089507185802
ck_83e5979334345622,0.04727785496298319
ck_629537d8b4d0f395,0.08282190435213348
ck_72022008a92c9386,0.07131317675402518
ck_2973b8274f0bf69b,0.11382868410684892
ck_565e3418d2f4061c,0.10625228079976023
ck_54bb53b8f8ea32ae,0.9954745737007438
ck_af0a6540ea7a36b2,0.023111494192333087
ck_888651bfc2c8cf70,0.04650951059155557
ck_1dedcb48ac381a1c,0.6178270845469821
ck_f73273e220296be8,0.09541075750352884
ck_8424bf65223a5a9e,0.05816159299309472
ck_337b930fd149a696,0.15093083697874676
ck_8a4952de8a123ef8,0.0215193908116536
ck_884168153c9c0c81,0.012177471355555322
ck_fdda581aec411010,0.00911410753459919
ck_2b7cadbc8b180d32,0.9112681485831078
ck_8aa8b9968233a1ab,0.012830878330371635
ck_0af18b3ce015d294,0.0061449637835352755
ck_8dde670a735d1e90,0.36123341534451814
ck_62f46226f244139f,0.21689174553155485
ck_f948e8a8fdd79b4e,0.17804098649166133
ck_fa00aa0f3e859904,0.15916739822177797
ck_fc7935f784a4f249,0.021548539836721368
ck_e7501307c0698e5b,0.07242401966486182
ck_549ed417f2834cee,0.17602145778800662
ck_fb2a35571ec719d4,0.19684181789038266
ck_25822068c86c856f,0.012803620463786625
ck_8f35d229b62c8f23,0.09271734876970639
ck_bdcf049c1e7d0c95,0.030123037507836212
ck_0aa9db36eb16422a,0.006531842827943971
ck_42dcf92e9e016922,0.13166236085972258
ck_42341cf31c08c981,0.023945127681007736
ck_0b20bfc515ba42a2,0.041246566202097955
ck_0ec820b670d48098,0.008802783537376927
ck_1f0bafec397da8e4,0.11476177557194084
ck_82f07504ab59ed33,0.2342738658189477
ck_337b24a474010abb,0.9956338128011624
ck_703703bda38fdcf8,0.06152314856479465
ck_01e7960c63dca3a4,0.9758368338477255
ck_be5bd81e3715cb8f,0.9514657436069298
ck_197f8058cea1fbea,0.005602824912497802
ck_eb3fb1106f2f1b21,0.25718759947715086
ck_658b4b54be09a4bc,0.9774285250972995
ck_266ce7ccf41ccc50,0.0321263850441656
ck_110608c3b03d4038,0.8996976941563267
ck_1be8cb95d6d9bbf8,0.01179992218622555
ck_8e16a64a776afa82,0.45437385307089867
ck_34bd190d37eda534,0.3169886602653089
ck_4f521611ae14ae66,0.007926041367595187
ck_d839798f9520363e,0.13304450277519475
ck_d1bbfd246c0ac9d5,0.05165509411939948
ck_f19030e6e85a6776,0.33289549967455395
ck_cdabe60ab59f9d5a,0.02470438276045517
ck_bb84b2b30293f566,0.7624784515829997
ck_427b91925952cb40,0.10559645516874668
ck_1078b1e155b5b640,0.07647238936771054
ck_95fdc264eac72fa0,0.026524399485185368
ck_e35eb857c61548b2,0.8980978889403369
ck_69bd0b1abea7e1f0,0.34370631794384837
ck_59de511b20c842ba,0.2189086194528639
ck_168e7ea341a36b80,0.021006642177489633
ck_4937cfa6526ea138,0.03232971528745855
ck_bb1a981306b750ac,0.2838472287289563
ck_f42a43e4c3f34ccd,0.019850834563822847
ck_c7ae1d4b3ab38185,0.014135982545512986
ck_bd23cf9bba1dd33f,0.14385100256651892
ck_0fd826fad7ec7cd6,0.08457014198925594
ck_f143641bf3dd0414,0.11794128332544943
ck_ad6d48c20a3688a7,0.005232722933406947
ck_7bda5b5b927b2905,0.4512748853168072
ck_a337eb38eefdcc88,0.2210604562897685
ck_403da2a2d800df9f,0.31041918152008174
ck_aa01d5aafde73d0a,0.010058355551139027
ck_494954023f0eb309,0.2248012340602647
ck_1c6820fc38135ad9,0.11229211559184936
ck_0e0bab173622db9b,0.11243588101064356
ck_547090bf35a3b243,0.0590422082356623
ck_d69455220b21dc9b,0.02085935747967312
ck_90b4ac695b9c6bf7,0.012747228888884177
ck_8d2afe17c0082e6a,0.06497202025926216
ck_926b81c0ba528eee,0.049957710883649774
ck_ce36b0c287bd198e,0.11602734657002302
ck_8026e017909aaa6c,0.018235265504838276
ck_dfba788f35d4c372,0.022916119466050752
ck_f09f9d0e0886e0c6,0.12754661667546324
ck_4ffe0366df388604,0.05985315604535334
ck_75bb521de55644c7,0.1875767129442226
ck_81a960fddf79ecf1,0.9861618638744774
ck_8f43459991ea511f,0.021112259605946326
ck_f878b68d66fbfd4b,0.006999917922598792
ck_e84abfc0c747c9dd,0.9697409444029182
ck_3ad3fd3cceb56b66,0.986861077356722
ck_7cf562578c7f158a,0.010470039487447777
ck_f81a97d350397306,0.07134247685131359
ck_255d87b7fb40caa5,0.1624105948081198
ck_b3905153b9eee924,0.16666108424175624
ck_2c80a592fb4cd6a3,0.010144811529676967
ck_57deb202d4188a29,0.047616018838275216
ck_e3cb5f31d8e94448,0.933463014176891
ck_0db62d5f7f75f80f,0.17477227414722854
ck_ced9163ea85589ea,0.1317780326762436
ck_e16528edc694fb33,0.9853379585147082
ck_78cc5ec4940fec3b,0.03167684287957865
ck_31742076e9a998f8,0.11769532113914964
ck_5ac335f02280271e,0.10459258075168454
ck_7cc2e091806cfa5b,0.2112819455077058
ck_3152c7115257f084,0.06899068918339954
ck_ab1b9d019921bca7,0.048437114966252755
ck_c33a762d98f9b290,0.0077789013068551025
ck_b16a7c51b6f7a6b1,0.16599563565197295
ck_97402a153348e68f,0.015626044784683154
ck_95391029a21caa24,0.24283363236201766
ck_c2015a1200971fe9,0.1034459958466202
ck_ed4427962c68918c,0.9673818376368496
ck_c5e4a17d3efb19a4,0.5190622264014713
ck_8aec3d3dd51517c2,0.0318319967411546
ck_f5178a658225d8e4,0.014984330684712317
ck_8594f165e95316d2,0.012252643575932157
ck_f0c4aac04076a6dc,0.08146363738767089
ck_ac2f7397801036ef,0.1604528182530546
ck_d1ea4bcc407c7d5e,0.060165876407632136
ck_cce8b6657a538fe0,0.06425509563638537
ck_66d0c6d6b67a8d58,0.0069763847507673185
ck_1a6b30320835e57e,0.09026158751264553
ck_8cd274cc85aa35d1,0.08098966067515816
ck_ada46085a78280e4,0.08320347067335623
ck_ce1b06623e4a815e,0.012184984765903606
ck_45e70c8a9686580c,0.1797222331648185
ck_0084d8ab6b1044f3,0.016057002400123817
ck_a5f7b6fed6df2aba,0.19342376414526216
ck_94940d783e7988e6,0.020112735354529065
ck_00f9ca84d1d8ae7a,0.01707928030875017
ck_0deb56f3f6452818,0.023945091167013106
ck_a58e900469dfc3f0,0.10866339689778345
ck_028c41b195280980,0.06403785225289743
ck_7661d7ceaeb19f97,0.143798053927702
ck_6957905a65c47879,0.07946063368560602
ck_f7c6c26ef3c4ae06,0.12498969336386952
ck_8777beb11aabd66d,0.06496412537435164
ck_7db098a17374bbf8,0.9389653303954362
ck_66aeb00e44486cda,0.32151700532869626
ck_838c52cc1d315ec3,0.07742295305066617
ck_1745847cd4e5dc83,0.06347734949424666
ck_201687857ec8b3cc,0.10942908127804202
ck_81818169208a8cda,0.05161269073179822
ck_3303fd3f64632c7c,0.28010223422525954
ck_edf1096809e83ef8,0.01421220483561947
ck_235ce9603c7dccbf,0.2580878706422025
ck_9df7e153868bca13,0.024072718261692154
ck_3cfeade2cf270fee,0.19951156347905388
ck_982b0bf2e2b6c4f7,0.01691667901294101
ck_faeb0da678bb86c0,0.005464826942585878
ck_e86ad2fe815b6ed9,0.09580751697709179
ck_70d69e5d1bb99e85,0.14332565845007905
ck_7e9a8924eab779e6,0.9724210278732658
ck_019d5891103e7da3,0.09483609259818752
ck_14f0484b3817eda5,0.12919518375139177
ck_85de63d278f0fbae,0.00787063058982383
ck_ae91b4cff57fb3bf,0.08350071013016579
ck_2a6d43b9f883b78e,0.9436739249172231
ck_7a4e3d553e8ab5b7,0.2777166148286374
ck_fdf89dc69f700f84,0.4167615979052404
ck_f92e04024bf13558,0.012982252743827962
ck_4a522ca2dc4831a0,0.004848144579986742
ck_68ba25dc3385fea1,0.13941085936412667
ck_22128a4f0d033422,0.0423763312047432
ck_5b52ee0a13c71590,0.0152962935133129
ck_59472d17debedafc,0.14170332235195995
ck_9dde2c63acda3ba3,0.054835055233029284
ck_7510b1023cd08531,0.042665325677212304
ck_071ddaaf2e4e3671,0.046655842320559145
ck_1355db6f4010232a,0.019463977111786275
ck_0a7adc2f27f98510,0.2629941018072585
ck_68250033717cd59e,0.025163092223901944
ck_7c12de74de30b788,0.8571121986125867
ck_65491367584c730c,0.04432721775984647
ck_e9047964952bee70,0.16042804619921777
ck_5567779d6ba184eb,0.15956457522456308
ck_d6ea026357ec6477,0.05233386445602047
ck_cd7dcc884e283746,0.22227810018540486
ck_0bd77fea8ed75a15,0.09928127951889854
ck_e80883208e8d0453,0.06934826176019228
ck_2ad0ecbacd5acf8e,0.989594804228063
ck_6c1dbee7e8fdd5c8,0.018847573937278695
ck_ee4d9a7449515908,0.014600629744367898
ck_636111f7f030496c,0.03185628655587809
ck_2c629c657f73941f,0.09158077816212894
ck_c1c9d3842d758420,0.30832813870391923
ck_e4df7faacdfe8c40,0.2084023864300246
ck_94e8142728e44380,0.17711323232961293
ck_765aaf42c5088545,0.08685852826594216
ck_e0f845159b6e6a4a,0.031385450619149796
ck_5bc07deb82edbad7,0.011245756377911111
ck_713159c5c6a7a4d0,0.9934246212046826
ck_b08afc91d9ca55db,0.09738140742248654
ck_a7bc323ffed2ea97,0.7393723918196345
ck_85ca825f905a34a1,0.08384329461658296
ck_33160c443d4b3f19,0.06341695855205164
ck_832d39c590a3ca75,0.9452788068031119
ck_7d1661a34164406e,0.9449718250491191
ck_c2466fc40fc9d5ed,0.9939011378148392
ck_ed0e776c0926ce67,0.19844916061807774
ck_cdd2ebeec75bfa69,0.5081883841212552
ck_d7877684c7923ec3,0.08679249145277747
ck_7384d4d2406aabf4,0.05009350042352175
ck_b8e5244e650aa81b,0.08218347767783629
ck_25a1ea40b2d59254,0.01223582705469127
ck_b9e5b318ee4de68d,0.041949081623578716
ck_620d7ae27af83cea,0.22511382391750576
ck_40b4e264d1a12b83,0.8737801718710971
ck_b694c803b62862b3,0.03968335251801667
ck_cbeca201dbade3e5,0.22999950730422486
ck_f9b439c9161c3e52,0.04884535658857882
ck_9880410fcd10a28e,0.008179323572242476
ck_74928f5f91aa12b2,0.23530311307137272
ck_b6673bbe61d2680d,0.1780342897135158
ck_53c8315b5c30acb4,0.03850284603364424
ck_78f01d78ea79642f,0.19620339416130142
ck_8582490d6e365a63,0.09319402727785156
ck_af25c72d16299258,0.06388856695553832
ck_7905fe8e257b0449,0.768775690506336
ck_0d16d9349e4a9e08,0.17945406798312943
ck_31b16b8848584e98,0.036640081785186705
ck_67207e3eecc02d76,0.1192360881621248
ck_e6b95ff91116a592,0.0419267860056153
ck_c08f622bcd6de6e7,0.09557957077501782
ck_f9a68da9e0f0bc85,0.02856578578613203
ck_4072b59388976896,0.014026114711154109
ck_8ec86e853ad52828,0.37040353018293126
ck_4fecb87eaffd5cb5,0.013746932804559521
ck_d6880578428b965e,0.4446970417699649
ck_bfc82b3c1c9f2897,0.9600853901424342
ck_c340644176ca03e7,0.13116688812932276
ck_321e740066fb05c3,0.7307675439677384
ck_8929d2eb09872052,0.2110050886675546
ck_205c107cec528414,0.8803134332143433
ck_e76db7d2562f9836,0.12943839457383344
ck_9ede51c8434cff6e,0.10502276042846516
ck_492e4b89c61b7b6c,0.056087778484068734
ck_9385f5a1eeebefcd,0.12730211127799043
ck_ee52c7bf88f952ab,0.08203148720349474
ck_d8116c34302021d7,0.008260856494249689
ck_01645ea51972e99a,0.28031062531785866
ck_7b45ed23304a854b,0.12015873593934522
ck_2096d32f3d497ea1,0.6159891547291193
ck_dfbb2056f1ef7d3b,0.07220684387336164
ck_938ce30c864bc7df,0.012036336710308071
ck_ff30dda2c881a4bd,0.6001256021383627
ck_f88c79186a082beb,0.0741412809093678
ck_08c7bb0f9851cb76,0.1745173462944105
ck_2675e7a008e584a7,0.26337970327978827
ck_cbaf8a954281d4e3,0.9614580923092597
ck_8b24eadf6c72b30c,0.9556440923477142
ck_ffc8e3c1377d0706,0.03334414751240846
ck_5b59e859bed5b40e,0.1020985977889021
ck_7b61717f172f9317,0.9574538343430482
ck_e5c30947b732f661,0.2675716548566255
ck_bc273f3ce79f7e1a,0.07129436686655656
ck_f69e93388b3028cb,0.5612319383235297
ck_3837ad850996ba60,0.08737632416470607
ck_36d78ff3bc033ee5,0.14613943094674817
ck_5e20953547ba4135,0.5024974321766059
ck_258d661e450ac870,0.01867921959336169
ck_1df66f537496ca59,0.1498860807951477
ck_361f535599110201,0.042523677760409447
ck_337e98c69f6e7886,0.05960426194174977
ck_d3d5b2717cfc3913,0.1437251118665908
ck_b1dba768dbe7affe,0.03160599064362714
ck_92d782bd9ce0d1e3,0.14773745759245666
ck_26bd0f8898afc8ba,0.014603419571116502
ck_7916e53daab36745,0.19668689296901518
ck_2caf553b31831a50,0.02182441333736696
ck_c6200734c7f9b2f9,0.9661017585545696
ck_cdc55623cb16e6a9,0.03550935684591675
ck_57849e15b61c43b4,0.012683651015300845
ck_b7af9b2ee0eebbc6,0.1481275124659332
ck_00aa5fc3b3bc66aa,0.42319941285742374
ck_9929723f65636c7f,0.9625275813930885
ck_8f6cce9f69912983,0.15414318750009268
ck_c422ba389ff00781,0.013187059018582026
ck_9ec7f334604a228f,0.12603622106890167
ck_5d01200ba3341462,0.03034432676479338
ck_2bf10be403849c9a,0.11318254061396772
ck_6ca018259f70858f,0.07941002234344474
ck_a54dc042ebb7c766,0.6698250483003778
ck_79da63fc100830b5,0.08529739324320086
ck_67ab6f9e05c85085,0.12117561221503605
ck_fa80da579ea9afc0,0.11959609626541132
ck_4339f86c87289222,0.7474250336289416
ck_a2299b4f530be0d6,0.68467433228035
ck_19db0bf788697c2b,0.0749018083715904
ck_fa4211c4d826d830,0.004010312594593978
ck_96100d5e8e051e91,0.0345950300066129
ck_5c3a671883d58b3f,0.00619669375579223
ck_2d9524787cfe1ab3,0.7418689671222477
ck_47ab8e51e5b3a2d8,0.027872022361413493
ck_c924f36bc1bbbaa3,0.027192524130631508
ck_5c58e7f8fd55e26c,0.020618682129270545
ck_a07e7409d6d5aa06,0.055756031585744645
ck_c8413898f5f7cb7d,0.3014173111550239
ck_577c816b41cab002,0.8748759665049899
ck_9f7807ed64cdb728,0.22336895370249515
ck_495d814d6d6d521e,0.012112684795341307
ck_7aa8bc018c2b003b,0.012501554843913455
ck_7c3a6a82f3c3241d,0.060730031554126415
ck_487f7fbc290e4ae2,0.11446299431831675
ck_e556c4d36aadbe03,0.012612569625021932
ck_7e6569a1b2455cb0,0.00677838369636824
ck_de2924955926d046,0.152232122123861
ck_73d60b4630e3937a,0.008003105747480529
ck_805ee564bd35ef15,0.1392355221704945
ck_0d40961e47797027,0.013349729595796287
ck_f06d00a4f9c87d80,0.007437539710857212
ck_5ef50fb07b6737d5,0.05603027353481856
ck_16541fc15683e21c,0.042461028702075417
ck_09fd43f1b7e2eca2,0.007566107419963655
ck_2a2c336a69b8d68d,0.1774397314173265
ck_2685f38930866af0,0.19707440255617817
ck_298278a9da874437,0.03154995019514683
ck_00bd7803f2530c68,0.33866148773359966
ck_c2b4a1d8c0b6c1cd,0.0068065822326701915
ck_2acb54ca20c3af6c,0.17508859112947944
ck_e3d4b6f681c783ab,0.10343572794065681
ck_f90293f1eba5d7b6,0.28818904572236137
ck_e69d27e8965df0be,0.00639540982976371
ck_b7f5d10b427346ad,0.047200786424768285
ck_1ce20e4223a936b1,0.09386395375233286
ck_6b97d1ab90f6bdeb,0.33887312976856643
ck_e30e17db5473c7b2,0.007236349125165051
ck_154c8efb19dee665,0.051562760067230595
ck_6f5bb0c930644cae,0.9936679134931331
ck_9e17699baa83d173,0.012073210143805954
ck_9693b1eb70880205,0.05350125661136504
ck_1e97899875bb427b,0.10843753087464014
ck_558a82590f65df69,0.006404035160268824
ck_18df83242ff3cdbb,0.402433209705758
ck_80ad4396e1084c68,0.16433779220565153
ck_0a993bc947bab61f,0.15693330677069395
ck_5c2d43ff841632f9,0.07769008756159643
ck_6e4b99fb9725d9fa,0.0474612295349367
ck_e0983999ca26c19e,0.3407725538368495
ck_6573c4947cc8607e,0.13469094052224428
ck_d879d645d6e44207,0.15787410754738485
ck_1375ad9f10688e4a,0.020948613346760354
ck_7501ebbf4e21f160,0.04933504858257018
ck_ca60d61cd4dc3bea,0.006582815167834311
ck_ab9ea095a5c58b4b,0.04712739237349983
ck_23756522b58df5d8,0.003905782730278366
ck_90bc176c43d85fd5,0.6288291464753947
ck_908b663b2dda94ad,0.05068879998573009
ck_4df2fb8e4b649e27,0.05145464423560855
ck_5615c6bbdef05291,0.5113532449686684
ck_b62f3e3185251f71,0.004000816131608438
ck_38d1a22850178f33,0.010299236062776104
ck_5b3ba20c8bb1383b,0.040745348149952815
ck_5576ffc6aaf6f22c,0.0031763070644236714
ck_cf7a022178165e56,0.01090300342060051
ck_f2c7a4c50e2ede96,0.16917536401076558
ck_285719c77eadf915,0.019222918514716286
ck_f2aa1b677619ab19,0.03360615311073992
ck_3830c58d841e9e69,0.9151613165637342
ck_32eba3510c8eac5e,0.06633800412976218
ck_8955d7b9030d5eb5,0.14603766005363708
ck_6775e387dace7525,0.22393171651644941
ck_0a0cd7f4be606a93,0.24659467596434856
ck_a9f700eee5d638df,0.0688793521893319
ck_3d7db96995745472,0.11834393103553856
ck_aeed557007d52e9c,0.002938761771907081
ck_79b6a86830156b5a,0.1118243101203672
ck_6a1ff9d69466181c,0.9935972725036244
ck_f11b1565f986f5e3,0.08165925473998496
ck_4819327a78615485,0.007371351401745689
ck_3ed9e081959b2f5c,0.03805293916987438
ck_16af4be191c47d3d,0.017722849794081133
ck_25122cc0e8b1a662,0.33158157755587353
ck_509c22828d467ba3,0.09434914945415422
ck_31109c899336348d,0.03671865863684196
ck_c51131e53baa59c7,0.016507666707304365
ck_cf8ecabbc61d3e11,0.04266468056971653
ck_eb6baff0f85ba936,0.08453246790180238
ck_777669e2243204f2,0.9682554486737817
ck_ac0ea27e692acdc9,0.09663528554163386
ck_4c6ea04ce8ca9e2c,0.03412287126649145
ck_ca54b32fca7e94cd,0.02986729636798123
ck_4dfd8947f540eb24,0.027710588038626423
ck_95aff1fe27fb24bb,0.1057116646626958
ck_c7550723b90e5615,0.023191725333763326
ck_57b3fee69bdf85e8,0.012645915288506603
ck_f823407ace7ff064,0.22440063794980863
ck_a69084a068bcc8aa,0.13231256994037693
ck_c7b17f7b24bef5d7,0.09448474183378029
ck_7c4e588f927c27c8,0.0376779679554794
ck_77fdac602d0c6f95,0.17078964338377145
ck_e963d8525018d072,0.07789036185200213
ck_6e8ebaea8f7bffaf,0.005898521932499708
ck_aa42976a31cb7770,0.028750863886106443
ck_22c862a496008c96,0.9970346137754027
ck_527550dd15f38782,0.2608091917799307
ck_b3ab3c210e2c7c19,0.2849634017927389
ck_ed9c56fdb9f45ddc,0.8571412581374461
ck_b53281da70defcfa,0.026561799012837367
ck_03009b721568ee98,0.31478034348114464
ck_3d9afd862b3f4053,0.8030414894598277
ck_ad3c4be96599554a,0.057059066888477665
ck_d1c787c27d50af49,0.41925910855339654
ck_c7a9c7b2eef46a99,0.06427814701458609
ck_53036d3c6c74446c,0.713757620591545
ck_1b1efbd9c0964c8d,0.12426881670803036
ck_d66f42a269d5c1ed,0.13601135263701447
ck_fefc49a2b8ad993e,0.017649776642580862
ck_8b3b874249adece9,0.08665659966928642
ck_193d9c87ad3f1dad,0.014705915570685844
ck_0c6a50d747593b7b,0.13282452473001227
ck_c830f3830875b47a,0.102338967185347
ck_79e202f06d8dfe42,0.08127589794947822
ck_5c0fe988b8aa7fcb,0.5513766490212347
ck_a8382d8345f21e1e,0.05716768971962302
ck_8cb20053914692d0,0.31433373666915865
ck_1da2f69023ca4c13,0.009981550626239245
ck_38abb60995114f8f,0.16059173908277735
ck_f5791fd8fd8fd191,0.16255295863795888
ck_a4e6fc391b674335,0.833130180312077
ck_bd771efb4a7e15d0,0.05256370316064594
ck_38ba4a6b6a292054,0.21384888916697034
ck_f7a07283345a0dce,0.032300582007602954
ck_87dc484baaf5a23a,0.008814751489721964
ck_c84ef83489badbfd,0.11840298294654802
ck_a397cd64ec5d644b,0.04348008799489524
ck_7977135c2ff61e92,0.023096954983318013
ck_52174855b243a8b0,0.1531483578759401
ck_0f35e930d0614613,0.9738528786598567
ck_b170a7db522a0d6f,0.1121961088769887
ck_7af748a23775bd54,0.3877629960744939
ck_52f641c9ee6fda70,0.010781812046772475
ck_c3719a30414bbb4d,0.031719555867531744
ck_2baf214ad6bc0dbf,0.09424507949567151
ck_8b39d8aacfdd72b4,0.03289123239314666
ck_d39b0152116203be,0.055680330825368
ck_ed33f8a937f9c7c8,0.07538278261309095
ck_8ef97b55a5fd6ec9,0.0045146915037006545
ck_8247f008a14bd1a2,0.009553819329190284
ck_f0d349d68249d5db,0.012451643975190517
ck_a544e766540861fc,0.0851889854661379
ck_9dfaca4c7c80b10d,0.17236653961298493
ck_7e5401c362b2216a,0.013686421349375593
ck_64ff60c073fdb6db,0.09162264789736511
ck_fc5ea49518e5d637,0.014931387649564658
ck_580f136ced341298,0.01681523765143105
ck_9cbef9bc95449dca,0.042321802584540706
ck_e475a3b8ba870a7e,0.08469165574250555
ck_97e94708bcf43563,0.14137120607658984
ck_13f03ec785cbdae1,0.003955888058045194
ck_152820d8817f478c,0.07889533966781903
ck_d20d4ba60eec9945,0.07617554694446625
ck_5c45968a805132e0,0.1432289916221464
ck_bebea2cf3063fb24,0.12949324791634298
ck_c3c69aefe7ea1d2f,0.09760928163938179
ck_02028b72f26fe855,0.04808354958326505
ck_dfadff70a58a9133,0.016767572154205924
ck_6482ed4491bedcaf,0.021083491468642364
ck_754cd7b4a5ae3f94,0.2063700170839297
ck_3132857aec8485bc,0.00548233290794822
ck_7ce4ca91b8f9f1c1,0.06619332925249864
ck_41938582f4351772,0.027141135903176315
ck_f87d66946252476c,0.7164613154086015
ck_8053f1879a9b4e43,0.014086017864033313
ck_93892e91387f5103,0.11464884358761154
ck_15254db133b28371,0.26489638520465375
ck_d557b9feb241b3ec,0.009812813406191846
ck_71c3a8e4c12c989f,0.09825194577340761
ck_80e3041811033443,0.12978469922719546
ck_3380d60067b4634b,0.0032313060861597774
ck_a9c2cdc758df8510,0.12838630477726767
ck_3c0031d7514da17b,0.13731347604073144
ck_18d214b1418be39d,0.011242859156414922
ck_7ce768407fd48321,0.08346151558995171
ck_7a50abd42298133b,0.09541359924903953
ck_2db10f987d137582,0.19779459448798278
ck_e077d004cd1d80ae,0.03839215781554267
ck_1cb6dc67f9a321b5,0.3933321937191233
ck_b864f64101149c35,0.5993716958067856
ck_9bedf54df9418e4a,0.012517634620451424
ck_c47e32c47f0e6578,0.7131763055884976
ck_71f382d5e338daa3,0.027419663829689182
ck_14b4bf7be6ac2b61,0.11349090596440081
ck_5c87eea1cc07cc92,0.15493084556352735
ck_5f445182829ef342,0.09727345907076249
ck_a5d7311291caaa54,0.02787128982131726
ck_b7df99aecef385e6,0.09959317169999043
ck_3327a0582407068b,0.2841997497657805
ck_08dba09fd7dab896,0.21584965323408592
ck_f4ec334be5266378,0.029521006802077695
ck_240f7f894c5a86e7,0.028730577603612206
ck_a9d994554fc14a02,0.007856849276231955
ck_13648cbd306eee6d,0.14338837855385006
ck_601edf9105b3c321,0.9775206268986891
ck_9527adac182abe57,0.8051506555395763
ck_4e0e80f5cc271bf7,0.012287029592984748
ck_96a89e720176b389,0.2344375453423204
ck_63560eec94b76d2f,0.12009042259494282
ck_c9c99e5b19aeced8,0.0055841007803164215
ck_bc32655ee5ed643e,0.16737345512306848
ck_edccb5a93b741744,0.0479743273985013
ck_f786cbc987b70930,0.01394082802634053
ck_0e8f26536ccc8947,0.10113586977576113
ck_b87ef4b98cfcec4c,0.13333994983437944
ck_1a9235812de4b2c1,0.1502145964365778
ck_d1ed88ea4211ba4d,0.01248430000072835
ck_a4ddac49657a4450,0.16501469931041376
ck_d9ffca35188e49d8,0.06300259232873404
ck_3db73bbe03c3d240,0.0047152082695741055
ck_fffa0622344a36ab,0.0054247936990545935
ck_148c28df51bba5e9,0.9396251541409731
ck_076cbc25c8f15fc3,0.9742701852684179
ck_e5ca550b39ed45bf,0.3935431156455725
ck_8dacf3a2061ca17d,0.059377131754519245
ck_2d7394afd61643d0,0.01589551896342381
ck_e42206e91f6a1752,0.015623398733247456
ck_2f4f94827984c426,0.0024581741435532657
ck_edfe8e90e8f4366e,0.018184158556950252
ck_646b15f753e5e9c6,0.11219922637355673
ck_66600620149c8799,0.03383853190527868
ck_4ff6fc70bccfba96,0.1702820442024734
ck_41af3729590c2484,0.0950481711436592
ck_920a48ba8c583e96,0.03217263951221314
ck_0253b3e7be021306,0.008053063174394248
ck_2ae6949246ea2648,0.1290163361759706
ck_db23a5100f338d72,0.07554453610817444
ck_fcb2a559474c3493,0.1037217495058466
ck_0a4d7acd2a53cbbd,0.01136042872121921
ck_c5d62b2b7a6f3bac,0.968361700064056
ck_cf59f4fc0ea690b2,0.07465802563211567
ck_837be8126bb19250,0.005336836931441453
ck_58955542edee1adc,0.019634119179317684
ck_1b93381d8eea58d1,0.14469294032530056
ck_97b8e05d62abdc14,0.0347736296356933
ck_71a0d645744302a3,0.052031055145663675
ck_a7b57882ab66b111,0.003925856086865046
ck_65f76421be648549,0.037592528424375674
ck_b53ea8713d32ca7c,0.14447637178317108
ck_991c4c924a1d85ff,0.9195336478134111
ck_8432ccec1a4ec7fd,0.9837368607289281
ck_64c1633297f43788,0.05765481007251611
ck_4291fd9c1161d8e1,0.06579201047306105
ck_5e98ed6391d9f429,0.15532144218426516
ck_c7baebe4549fdbb4,0.134550981191338
ck_6e67225ba59fa5ae,0.19878582999721378
ck_719602def4d35fe0,0.08154766354570536
ck_bdee7c86f5ebe81f,0.052636102529134914
ck_8de38f8c7f91961f,0.09260250208995591
ck_b0b5bf9254700402,0.05005344477664074
ck_7b55d9bb1a250d4f,0.07097810536863138
ck_3954b7b0fd1d6614,0.002397755798065932
ck_f29471fe7c818d6a,0.04628012513550568
ck_9e65a8a2f587691a,0.15223299309403943
ck_eaec5f1a83b66eb0,0.34490119412512776
ck_004fe0daecbe2c1a,0.03667170316643435
ck_d17653a4a2d4a79e,0.18324746147976856
ck_0dd417fcbf19e424,0.1410121306706541
ck_4c99a6eadea143e2,0.31172843501164144
ck_74d602c907ee9119,0.008288828800737844
ck_1aa87cb62acc0ac6,0.05441950762165311
ck_094974d75e29fb2f,0.5926570628618015
ck_5ef935ac3d4d3332,0.03309420730822102
ck_b26e4ae47c9107ed,0.5570053575999095
ck_396cea6f95186ad2,0.12150451085430018
ck_48446a9e8184c7d4,0.010012976984879662
ck_31e1ede23247d56b,0.24158003676009895
ck_7afefa349b960a3e,0.11740665951302537
ck_f5e02a3432571b20,0.14811551725442376
ck_64eefec062592c43,0.19436438219645533
ck_a1201284122c141f,0.10104147356913157
ck_1b34c420a4c85a95,0.06200133825969354
ck_d637a011332ba67a,0.0196781032045596
ck_99c0004d8b7079f8,0.02140049349852913
ck_948517bad569b40f,0.31948339778715873
ck_a28d6b1601b472a6,0.12855478243211252
ck_a0b4209feb31f5c0,0.9956389766717293
ck_d6d2c1f6dfc455b6,0.36873182280935385
ck_3f9e6d356d3dd3cf,0.012793306833567891
ck_d08e00c842b75176,0.06938990694305666
ck_bfdd232a7c5f2660,0.1175245559736735
ck_2cdad03ed069438c,0.094680241014952
ck_42317c3eabd0a285,0.28123074088812394
ck_3eb73e56751c704d,0.03725288798919686
ck_ef33c04f4c9e3758,0.22764109719413828
ck_1dc23dc870f1773d,0.06752609723410698
ck_76091f357974a152,0.04365918043763166
ck_4d9eb75e8eee90fd,0.20785225691793505
ck_578f67e69e5d2cfd,0.015905952537438962
ck_3a8ce1cc724229b8,0.006754729944847634
ck_a96887f841e80fc1,0.3346145692334364
ck_d2d4a8f4a9f2c33f,0.01928283378937159
ck_11f85bc705dbe036,0.4185443181165397
ck_7429b3f87528e335,0.021112286099752835
ck_26df74feac7ec51d,0.07364228489699756
ck_c78b2638fadd91ab,0.04544892688388565
ck_7eaad325abe3b50c,0.018667962670916943
ck_fd44e34af620e606,0.3156574431725778
ck_f99738dff854e25f,0.0103734225682839
ck_1ffbce3a239bb264,0.032739459111068854
ck_96c7d52ba0a766ef,0.21818211127946385
ck_cb1c00c300af3f9e,0.06817223624148436
ck_ec3d12848ced99f2,0.03246815352629088
ck_26cfd7c3c6c7bf69,0.09011196189927553
ck_7ae86b5a885affc3,0.2537936114902617
ck_3edaa94d28cd48ea,0.02029486993567168
ck_3209c530c9812e39,0.039241604798964616
ck_ea62ebfc1f04b49a,0.015055548912770207
ck_5fc90b4668ea81bf,0.1217843437297594
ck_95654593cdebd141,0.02309420104151179
ck_958c0bd61820147f,0.16437352565851565
ck_8440ef1386c07194,0.01596038015714257
ck_8cd1b68dd74b1375,0.29427847382465816
ck_c9eb4df91ff07f2c,0.11659428912390425
ck_c29489366c01fe65,0.9240035346781711
ck_c965fd6bec0f0ecd,0.11732767200756626
ck_84c402b23766e1f2,0.06238862745992728
ck_181f3dae03b87136,0.1675943941011793
ck_022a8ae79eb28cf6,0.9701424448550895
ck_469c17407d17b706,0.1853880517873398
ck_1fcc5843f39148a9,0.017138157413664475
ck_5debd55f361b2ddf,0.011759881597995436
ck_28cb9b03e89263f1,0.004455519662042879
ck_f067470743d3c7a2,0.129187477903961
ck_d5d225ce41a1a762,0.04858790104443512
ck_15b4840922195ffd,0.012997845101106369
ck_6bcfa37c717f19f1,0.07416757898872671
ck_8d501a0386c66be8,0.4982382594454318
ck_1a9d6190c57ea7e2,0.7886607879927902
ck_c49832eabdac5bb7,0.010110242719068139
ck_b4331140b2e0d4aa,0.02362136242529802
ck_5efbea1befdefe1b,0.7578573836363736
ck_72ff52c4824072ce,0.08035754370583136
ck_ec3715add8bbb6e9,0.013484163651912249
ck_9822f8ed05335741,0.06198672361136505
ck_c3d7d3d12a1981a3,0.009669893651065273
ck_a115a7919ac5875a,0.1945514372045428
ck_4dd4ed23e0b927b7,0.7716871799740465
ck_4c76efcc1ee6762d,0.11476141687719152
ck_3ad6e7bf452c9b21,0.05395752707395707
ck_dcbab304b55a42c7,0.06999657544868823
ck_24b53090faf722cf,0.02896750424362749
ck_187317383400491d,0.009188038643173184
ck_e07fd57565c94c28,0.35909918642579575
ck_740e760fdcd27835,0.024229280757316278
ck_d3796aebda1cfed5,0.9186175292609159
ck_e541967c681cb929,0.14799498144878095
ck_431118050b834dcb,0.00718926467420756
ck_90f3655f0c8a0074,0.007675276081792826
ck_13cd943777651aac,0.17445855881379418
ck_66accecabf3901c0,0.11651855593233389
ck_937f0da2306b2eb9,0.01606880061451915
ck_105b0c93573fd5b7,0.850244803055871
ck_00480407160e0743,0.015307873206134437
ck_e032068be7b77d15,0.05511441638239016
ck_991b7dfd69098320,0.018447029863019257
ck_37d47cf0f34574a2,0.005110438567673033
ck_011551a596544f5d,0.013792222692311526
ck_9acd98f4fe2d474e,0.27056511245969356
ck_7c88d3d377bb61bb,0.1932153776245957
ck_e2374c7136c964fd,0.41718057456768
ck_2fa8f2577116e9ca,0.2898527063110373
ck_d07c5b0321c685ea,0.4041593992979316
ck_bc736114a31088a7,0.12537842490335838
ck_32bb42f9bff197f8,0.09389700479273637
ck_66267bbad1f1415f,0.9783264682104909
ck_19988702ccd79201,0.029223322395878246
ck_f473a03fbcdbc4b0,0.021097376558550273
ck_e3f1d85fa5d49396,0.0493516814140671
ck_c4402ea6291df271,0.24525854053861415
ck_243bd5ca8c4ae5d0,0.048624889864807466
ck_f271e855925e8d6b,0.7095836539295348
ck_e424148c6f2223df,0.012347068475483313
ck_e4d0a9e1102a58b5,0.031427072055877976
ck_91c2a5fe69b9b1d1,0.09110704899068123
ck_5fd8924732fe403e,0.38917209545905984
ck_9a881d5433126ada,0.024296985546318588
ck_73cab88b29c7845d,0.2942702490244682
ck_5b5dea6476d4e182,0.11211647174449287
ck_ccccb17d2ca6ce94,0.10541620051134566
ck_cd1dc68e441222b1,0.981739540917187
ck_8312c49b1431a406,0.04677622380457378
ck_25fea39897f2a559,0.14110556046086473
ck_f56200205280bddf,0.08253126604483702
ck_7336611650dcc088,0.015072555678178518
ck_590716322ff147ae,0.14514176863302114
ck_c82364d87875a1a1,0.052465221528849304
ck_fa4b60387d744fc5,0.00983684819669318
ck_d841eba8906e9a15,0.02347717113319103
ck_d6df562a79b9d0d9,0.08903704021709273
ck_59a14d2564193101,0.007833673908309675
ck_8530158e3d7f59e7,0.11349229593188737
ck_ac68d707006c12a8,0.04025690220473571
ck_976fac1bb3dd8c58,0.23187064980411334
ck_f854fba8f4adae3d,0.23643084202798603
ck_b98e9c3ec6e7d1e7,0.05823970219048178
ck_803c0b4cf9d4bc1d,0.16545140164206532
ck_76997a33c3ea5107,0.008182866280568033
ck_f1a9d832b700bda1,0.9634187457088107
ck_2bd96ddb8c323d63,0.9796175138516495
ck_9e5b7acf51b1b743,0.32883154887850624
ck_09169f22194fd6aa,0.2045152827650574
ck_6d69e092f9b0848b,0.07314744665228413
ck_9f83fa5a2d3b9049,0.05759490152131509
ck_57bbb19eecb4b87c,0.01778591635169323
ck_e0e9cfabb979f428,0.038870560941416145
ck_b1ff9edc51d42f97,0.028170869408357828
ck_4682fad271d47eb0,0.9703597680946285
ck_ab33fb754c818ae3,0.2423028070075971
ck_b456f62b80e21557,0.0022849369205097695
ck_16340be3f2a7fffd,0.009979154347508217
ck_ce66831f6611014c,0.0529406381016945
ck_4610a073bb54d1b1,0.09216165989263404
ck_fd038a7d33a9d6e5,0.013022312385105025
ck_c8198cb4c461304f,0.17523608926703538
ck_1e7de58822000dea,0.007846424024890088
ck_b2a79dd3df560f14,0.1554701149107321
ck_74a06f347b32347f,0.12571193342208425
ck_c6fdb2972417c9bd,0.026455231208581453
ck_d7607a213b800bfb,0.2370968292075315
ck_df65967b8b40319c,0.0052537742281457975
ck_329a73dbd585ee09,0.01147818830073196
ck_74991a9e85c3b07d,0.06451865768035611
ck_bb76609b79e0bc9f,0.05656746721185601
ck_f7fc1bd0b9ab1fa4,0.03639860039834098
ck_d111c98b36bdb791,0.022885732036423443
ck_f07e27d125497b66,0.04726127392037811
ck_093e3a7134e11d6b,0.18243317593145345
ck_862c7953bdea48b0,0.08074729338538793
ck_392cf2cdd515c34d,0.018197560021480458
ck_80eb91b0b4001084,0.1227139710503114
ck_5923f53b77193a58,0.3599036389848443
ck_8049f5fce32be185,0.9779199250507667
ck_ebc5a2c6cf88e252,0.2747957009318514
ck_9ea5872f14cce338,0.16760696766026897
ck_f7fbc95ebf584379,0.05301359071759485
ck_bafe82c870356706,0.9911932832774033
ck_278b36c5932d9bff,0.0242310680136701
ck_6a892dd5d05c1649,0.04618343771163799
ck_0734fd90b2cabd43,0.05269823613984278
ck_9b552204498b6762,0.07810304417826433
ck_f6c909c205767956,0.13280280442580725
ck_32f590e87bc3d715,0.0024064626450728873
ck_66a8325f28be7562,0.01240727292577454
ck_b129261da9c3c3c9,0.005501289090497737
ck_a524071c51ddde20,0.06514658819199233
ck_ba576d6d4cb6130b,0.7457518703551281
ck_8d8226520722af78,0.2494460305271101
ck_c5b0f0d4f1655a20,0.2558507072904833
ck_61814ae9b6d8eab1,0.02897750166412829
ck_382ebf136f7fa337,0.712504645152915
ck_423ff4ede6a9f066,0.025950539930143908
ck_546ad962d04b7de4,0.967575045031243
ck_9473ea4a01c95f9a,0.28765386774815327
ck_9eb1da8cd35a50ce,0.07878895175284423
ck_de5eaa2cdbcb67ff,0.26891563972260873
ck_537cc97d0398c922,0.20352983099351898
ck_998475a2e4dfad4e,0.02103528587553234
ck_e62eb708d2688fae,0.09383771726208226
ck_ea623358f704daa7,0.38000602234922554
ck_b911a09f328dfd4b,0.007112719160892615
ck_4b3506b624e5193c,0.162572752646078
ck_448456f96788713b,0.15942308310878586
ck_5d5ef9e75f65d076,0.1385520474862899
ck_3b74512f774a6e5a,0.03454969747349577
ck_a032e8ac1507c6df,0.7984562909837315
ck_7e2d6b22a0ae20c2,0.15812087464627045
ck_d80283209c963f11,0.02880904833596904
ck_d1157eade2ac3975,0.28049688001691414
ck_be48f583f79427f7,0.22846846479321978
ck_0027b5d4107d65d8,0.23155188499436122
ck_94fff69584dd3b2a,0.12788155758710512
ck_75fcda73f0b43557,0.07399246806935818
ck_a1c78972e4ee4082,0.07681512911870275
ck_f0982bbdbd122f91,0.07127193876697534
ck_3199b471575aeb3a,0.015958384566246892
ck_7fa947a0b1c1cf74,0.1822291073728857
ck_a60c618b7f0e4252,0.041840728088713024
ck_722ac47c8ac9b6c3,0.637585456280863
ck_d44dc3839a195c8a,0.2933553043228595
ck_a2c3e82fab520483,0.13363673754748873
ck_6f8ae0319c07cafe,0.006310371111532776
ck_49886ff1e2c759d6,0.19749020899091652
ck_150a1108f936e6b0,0.06921385572200162
ck_e21f9f96f597695b,0.09894107003069329
ck_7297bff2b7fdcbc8,0.002219161177859146
ck_ee949c71f4f702eb,0.9933225229919085
ck_6fc37dea4b4f35c6,0.4464075583755096
ck_e76257caa98dc25d,0.9752054090338717
ck_828eef2334e17b3a,0.08945300034151572
ck_604e1b8a8c693aa7,0.061578725291271674
ck_7743c9fe037d1f9e,0.08879594072018819
ck_864a11202e19e812,0.5016258862878676
ck_4ec040b9e3785e4a,0.02678731969645565
ck_7346e4f820d9c00a,0.9650846497552628
ck_48d4d63beb26b623,0.015186928762463163
ck_c423aa6de3ed1e01,0.033404255322771796
ck_d74b2ead8aaa3f73,0.09304234988836502
ck_1dd69a11daa7bf1a,0.14414937838389302
ck_d9143e236eef177f,0.018558653665373938
ck_f790d91e5ff0eccd,0.7615183307891482
ck_69b5620e00ef5dec,0.005871927081039224
ck_cd32e58e8a1c0e85,0.03742355087805539
ck_064013b0957d87a5,0.9916035919383154
ck_a481385c2e60dc4a,0.01818394615574489
ck_d72035cb29db3aa4,0.09260849607884249
ck_3759939a0205306d,0.07809785186303948
ck_f437a53fc832ec95,0.7225483679214322
ck_260ef2f3e6434819,0.49286846873760665
ck_35e411b05d22f663,0.07079153853440863
ck_8bf46e472f3e20de,0.7519298180456235
ck_d546994fc5d3e9d1,0.03464020572811917
ck_6ff0fc7487e737e7,0.7895515488069231
ck_5c67f27816ae0b6f,0.1897850208570125
ck_c5517923458106ae,0.03999317314352745
ck_d9735647a6b0b0a7,0.8443315780396059
ck_541a734fc457246f,0.3502869957711858
ck_2f6a639468f41043,0.013154104538105168
ck_bea2cf7a6b7bb900,0.06252918676602595
ck_7eebd0e6ad6c070e,0.09195513134851473
ck_b64c87d5e3b10e6a,0.9717205815445477
ck_9dd7daacb7833233,0.07760920502667741
ck_396e9ea9a6c6d7d9,0.08131892978983363
ck_1645e6cc53fa99ff,0.21415986884093044
ck_ea2a83ccb8d57490,0.014018647511150768
ck_e64f0df63e1be595,0.2991452038884812
ck_fa0b234481cb57d3,0.23696621011919655
ck_63379e3c9fe6f711,0.1100582313819117
ck_c67f7944896a0310,0.2580992667990258
ck_c10e54c9db29e6ef,0.9870822758857016
ck_7184ad7709ae4c80,0.10721119485422155
ck_f8b6069d7577fde6,0.020492228103032705
ck_18444be153bac1ca,0.9181847658057373
ck_d0982b4e0e118e4d,0.05902451894838108
ck_6faf3e6820398866,0.08884844276549
ck_97e980463aca4644,0.006980195450979149
ck_630c835243c66b19,0.9729088212986408
ck_fe429ba3e1aa0e4f,0.09164508238498187
ck_1058129ed7b48c59,0.041254174757788926
ck_04a1a46f07885296,0.2534943258615737
ck_f01e94331067edf6,0.0376500098343789
ck_77b2fb17c29f5e72,0.045599059270584164
ck_4f0c5857da45fb28,0.3566105399478909
ck_2cfb9a7775e8a5bc,0.9704974103462745
ck_6846100e43659bf3,0.005177845619188888
ck_f89719a854fe11d7,0.06935276459824792
ck_bf47375e41ca3bc0,0.013412146892831446
ck_2770b0400a7bef08,0.4692705179835775
ck_2a09d142de1c77ff,0.050546144831874515
ck_857a1f5547b9ad68,0.14954132926702957
ck_185f15b1523bbcf4,0.014883881333105663
ck_ab2aed614ec1cdf8,0.37429829807686144
ck_a9e7f3b2d5dfd97b,0.03682875890897804
ck_0eeb3d9b3e697edb,0.21445865412529633
ck_fa5830d81bc8ddc1,0.011001032820271778
ck_231ae0329ebc3220,0.026888556272900554
ck_1587763dd54688c9,0.02231126435342286
ck_9f85fea4490c00cf,0.04270925166722592
ck_a2d709e7eb91e4af,0.16270597601636513
ck_43637d28c7216453,0.011790805628816632
ck_f3ab5dd853d38252,0.06527763419976071
ck_4a1f0172d3bf4fd3,0.036473727334399006
ck_517620ca16505af0,0.03826250880356987
ck_9ae904fbef56065c,0.026271649447494844
ck_d5ef1f6e34bb35b8,0.3402090973556281
ck_ff42557857ae3aeb,0.015955248905535128
ck_ad9a18f58589faa7,0.019369192235542475
ck_df1a6edaa3e6b271,0.020562988421254386
ck_99021fe7225b5a68,0.24697255556289538
ck_99e52c3c2530b69e,0.9832596670698559
ck_3a4811dc4a1a891d,0.031147657273691707
ck_ba3a6be026c87079,0.03761627263402371
ck_da6d1e5cf6aba6fd,0.059151038220644235
ck_ddc7c1f3d45fe6e6,0.11373840014579745
ck_e1b1e7a7e4a15b3e,0.016464937322896205
ck_8288f7f226e08b89,0.09182920957477719
ck_c4524993ec31dbe5,0.0075200375121881515
ck_8b19bb5b23b6741c,0.11647597814898988
ck_d21b38231a8a9f4a,0.5816946839112503
ck_3f730318a9792292,0.19634475017059536
ck_a4db6e94a8f77f9d,0.1995600704835927
ck_a8cac8d480306839,0.00856708067337723
ck_5472214011fbc2a7,0.01067263617246014
ck_7356f47dbbbe7904,0.036630406632424256
ck_16801e628e883d78,0.05352474798342172
ck_0dc1e536231c4860,0.13538564687514265
ck_7cd0634a6e60af83,0.05611365381865277
ck_ef6f8e048ae1bd4b,0.009555667617577231
ck_82f3f744209888ac,0.11809341574772379
ck_f33188c232a03526,0.6576779518804079
ck_4a59f4e10bf45d7f,0.0066539049425880506
ck_d96c893721385e4e,0.0065698871829897995
ck_f65ab819373edb37,0.09097654205418448
ck_21cac21fc10b7768,0.03946859036539442
ck_139b54e6ccbdd7da,0.24355698757851718
ck_d6f5c8741697abb3,0.04824101186040055
ck_a28d9bb5590d458f,0.24137427388125762
ck_ed26d906883bea0a,0.027342870455456216
ck_227602ad072b838b,0.011447491709036858
ck_39d5f6c17c745ab1,0.010207391295001093
ck_744eade757ba69b5,0.30859008835243357
ck_c1295d97cdf35ec2,0.03722968108883044
ck_69105f881da3c821,0.06015129370590028
ck_933789b55361d7c1,0.941089752213091
ck_b667952253503174,0.03661496170709285
ck_7bf668e25abeeb05,0.026005827913113393
ck_91742711dfdffd56,0.05480723389299267
ck_af32a0660090dd68,0.1638292246308602
ck_2122f201e65f76ee,0.03922387146872652
ck_f48acb73a5d6af07,0.04968766484998343
ck_337c5684510cf432,0.2869973999312469
ck_f7bde7265053364d,0.04984986383508786
ck_c190c7b924edba75,0.19327353060402225
ck_044fa3b3a003f0b5,0.07087947576063192
ck_87eb43e3b9d96169,0.21396666355182417
ck_2d3d6c9364362017,0.004004135083545633
ck_ac55dc6cbcdf8228,0.04316683013874329
ck_61d7b0568ec5d6cf,0.13071299160996655
ck_89c74feeaffa7d09,0.025036485016879894
ck_93776b0c113f41f0,0.2338947852961596
ck_15e0b679931f7a8d,0.06231610364259591
ck_77b56c49cfdb1d81,0.451066297361528
ck_73188a826b5f499f,0.07063492686217834
ck_4f463ef25325ddfa,0.5562843629091262
ck_863db2e394dc47d1,0.9804359123970809
ck_d52432ed597f3cc9,0.010602898463160431
ck_04fb61e5739642f8,0.3695205265682288
ck_2e481d75d110c06d,0.09523443122731105
ck_3fa1a523d77cd619,0.04891122493422007
ck_466dc6274fecd708,0.08022440891095055
ck_e1790b3aa2241b10,0.9552664918706806
ck_84ad096a46e1a960,0.07686268220766877
ck_3be72c9c178fa00d,0.07754988270460053
ck_5a17c89219d1d9fe,0.11733104533375031
ck_4f639f4ee6ce8d9e,0.23006709775199352
ck_f4ec4a935e51b4db,0.11124001936224374
ck_f04040a830f92bac,0.05074801005621163
ck_3e4d02a04be2aaf8,0.11717162681620463
ck_4d1baef193cfb900,0.06295842212797048
ck_0fb3153d37626b75,0.021283712871057094
ck_88ec57a11b11f702,0.9602913946032768
ck_dca9dc465f759db4,0.09981098786591219
ck_64f5fba6af67e024,0.18627768012043322
ck_896096cb167254ef,0.30332001205575043
ck_7878679065876b98,0.1701178242209386
ck_fe8e5a6c880ceb4e,0.046899791571832376
ck_a5e036327d3d1862,0.022862830049416194
ck_310f73940fc4cf4f,0.11168514423572022
ck_46a8db16ad00b749,0.06655851356394557
ck_0d33977c3de8cfaf,0.9897539838312779
ck_c6fff412f531db0f,0.00553831347201774
ck_bac6dadf428eaea9,0.1267655712184842
ck_1b96d9af0d7da2d5,0.025267486967076785
ck_fa8a4a9e77799fcc,0.013270445864124824
ck_0bf48607a874b4d1,0.007089466883890407
ck_eeb75f8a6439f65e,0.17799050765772575
ck_a209a5f7d172125e,0.04589296323869302
ck_8f346b72fb40bf14,0.042754910778261886
ck_bccbf9fef367f00f,0.06504504329854602
ck_2d1548f1ee405cc9,0.023695721349767343
ck_e8298ff2dc1e9d50,0.0028374543544556533
ck_77c0fb524edb4a94,0.02281903322012056
ck_28ac4c5134cb8e77,0.1486378427000359
ck_db23a0e3e54be60c,0.7253610447927475
ck_a059d00cee5cee99,0.008618949126835288
ck_3e9e3bba8bd363af,0.035988603925086196
ck_0428728df24cdab4,0.03985692458413724
ck_88cd35378075c84f,0.013232212191190461
ck_0174d76398d9dc0f,0.14904912276540921
ck_3f1287e6c27de0dc,0.04547345368084127
ck_ff822700f3605e06,0.985256645251932
ck_4563227b2038ae07,0.48455116496007017
ck_788e78065526ee19,0.06382760293588985
ck_8a16eb584093b12f,0.023325191569013786
ck_cc276f71ab6c08fd,0.08248306698463288
ck_d61d97b21002f3e9,0.3225437715971927
ck_4b2e87d86a5e415c,0.1684297358777972
ck_3e6f35e4500d2f2a,0.0034302525232565275
ck_3acdb083e0d8ad61,0.011563533463415997
ck_cd655202db489010,0.00687808848857683
ck_829cbf5ccda481ae,0.07744965909186179
ck_f5882e6f98b8b4cd,0.004602552548488454
ck_767947540b234add,0.13924459547918713
ck_a6e8e8f535b1f1d1,0.24016356547879675
ck_58412a2674fea506,0.1950289900017939
ck_fae7e518a585fa61,0.2555086043136569
ck_9c60ae6958d68dbd,0.3742555838797823
ck_328696b8f5e54ec6,0.15802506724120846
ck_7df3f8f4f1068d62,0.02097796442557821
ck_cfadd21458230ef7,0.09698743808201413
ck_7048bedd554c703b,0.017728333663289787
ck_50422466f145bfd7,0.007122853315721841
ck_61e1f7168cd9ff25,0.34877713641348423
ck_733aff0f56f5b3c9,0.09527612538451487
ck_e14892e424180549,0.00785651824557439
ck_03f6664a96de7d0f,0.0616739211286653
ck_b7f4baa2cc82fe61,0.1360527147288059
ck_1e51199a075ca0fa,0.04319148326140806
ck_0e70516fa07cfb17,0.9519756774208091
ck_0f37c554a5057801,0.7957239160107079
ck_5576b725de38d106,0.048725982516534996
ck_82f360df1e9f4eb8,0.264889242457321
ck_395f3bd4aacd7ca6,0.10399244947396828
ck_5e8e857b63966609,0.8858294935996542
ck_93470896f0804b6b,0.9747963510780394
ck_3be854e42e76569a,0.05872652973665372
ck_0567302c57a2417e,0.28404646089016555
ck_ee535461b5f05539,0.522021176523256
ck_94a096c36162a153,0.1327783858217154
ck_dfc8f5c141fd7c63,0.15102317689044056
ck_98b34f2d704c1c2a,0.11522484938514911
ck_96dff7a09d45f116,0.43054602322365504
ck_79557434c129ba52,0.025484963023432294
ck_4596624a7c01d501,0.0784879868700696
ck_04e89fbd739243fa,0.00958659419570384
ck_6149ffaf18872dc8,0.01393664310012771
ck_cd78f0832a09bd8f,0.8050806362395104
ck_7e29c10d781c3b41,0.21386302969460005
ck_1f7ee7b23fc6f2f4,0.0112118292765823
ck_c49b685d2b3ab89a,0.07751663861164065
ck_84569a8fc50e73ac,0.021464680128460454
ck_b92b11d205af91eb,0.035374954477025315
ck_06280e6d6d2485b0,0.027177626648396288
ck_3c08546dd0c92863,0.10366437080252874
ck_99d3983f907828bf,0.025935618512501694
ck_eccfd552aa652d3c,0.13535657674703588
ck_0cff8153881875ba,0.21328973557133743
ck_c1aebbeca6ab5ff9,0.07558460971435443
ck_538fdbbb3c2bcbbb,0.08402250678550027
ck_8c0210322733c718,0.061786886171870385
ck_0b0c93039f987abc,0.04401198132344128
ck_6d07d6d1bd227d37,0.3542698172252231
ck_9b6ee35e8cd0b11c,0.006181312694521948
ck_d838491d3d4f5ecf,0.05911244916842226
ck_0593ae243a9ebee9,0.04227523658093802
ck_ef261fc09be8eb0b,0.008120325853173476
ck_d0935b571a4a3868,0.052509100176437305
ck_97d04a67a104af39,0.2637362674152131
ck_e25f70d0b7229420,0.17553161106261542
ck_9b71274ff83de482,0.991115474524757
ck_6de2aa2bb60978d3,0.17071286169540298
ck_eda55c8fb47593d7,0.06074788813763446
ck_924e572517515f19,0.6587212084779165
ck_d6f27eacbad310f4,0.035274214560735075
ck_8550f229b5eb03ab,0.0641529063266978
ck_e3e95546a84d0ed8,0.07288126077148302
ck_3135c019696ee6af,0.9490011580305601
ck_41ba315d8fccb559,0.03309362016654435
ck_72b86e4485da2d0f,0.9836683491971724
ck_daaa995f3c2f0e47,0.09652810492637769
ck_053746067839696b,0.09334416839006124
ck_a15fe7d0f4b65c33,0.7014366254793054
ck_15de11438732bb05,0.045729361752316254
ck_2c4d25acbe3fabd9,0.2846269650176615
ck_7f08078908599bd2,0.09519820793122512
ck_e794741742fb2619,0.036530112502754876
ck_238e53b6dee8c301,0.029591448236800138
ck_53a6a33060d5c8b8,0.04485456365150183
ck_0e0919292ad33472,0.8345539096085596
ck_d86ccf148c06c8c8,0.05363957311019136
ck_c881f26c9bf9ae42,0.8206230767892684
ck_4b0947bf94e9d847,0.21798710919743763
ck_e10ff5c38bd18470,0.08951716012936337
ck_b60de9e97aad9e45,0.8778071448717305
ck_190bc849e5ff5401,0.04506175904272989
ck_e7be077aa0b2632c,0.01006831822309272
ck_a51abde881ebeff3,0.06665408052261186
ck_2208392a9f6bd249,0.11213193657487401
ck_0259da8f109017e9,0.01408852087707339
ck_05e01ab9c95449da,0.056130553318023295
ck_c82897ebffb6ae66,0.028326022746735992
ck_b4a6bb4689cd7cfa,0.07618025810516137
ck_9e21ea33018ce538,0.09061937180630056
ck_caa348f0e65db062,0.9851394399737835
ck_a964e6b5d8415334,0.8818031376931162
ck_510bfbbee37ff436,0.0706861821987861
ck_9741a82faf5c7889,0.07395578725159277
ck_e7f61b4a39ba98ac,0.005426784817853907
ck_069d158665a53909,0.07949773315229476
ck_6426427efe3228af,0.16726776444729988
ck_ab4a8d02ec3c0fd7,0.013139653779588662
ck_aefa0d8d933e0eca,0.2905712497240772
ck_232325ef6bce92f1,0.022061741838622913
ck_14e58c3fb26a2b4d,0.154553571955626
ck_06e73afdec26aecc,0.2937775021562731
ck_3168f4f2778d64e1,0.07445089161109571
ck_ff3998d6858daa21,0.009968998684707686
ck_bccff46fb0868454,0.6052754229703997
ck_c7d444d90fa86d7c,0.7315332876477618
ck_f0bc3bdee6bfbb94,0.17428568401563277
ck_f7112818a6d81422,0.18952770856359066
ck_aca35dbcb835ad02,0.09533291505334837
ck_f637fabf0f60528f,0.10175635602030676
ck_53d17ab97de1ac3e,0.02919274393859194
ck_c8c1bf16d9113493,0.21137989418826686
ck_e842fb0cf055a83b,0.5091649376404644
ck_93c0cb3dac4891fe,0.06898574469522022
ck_0c1f088e17e46daf,0.10230917963648001
ck_8f4b384955bf57c9,0.03030736395433726
ck_09cd5c4df1e81ac2,0.6385428017563046
ck_1e832a5b2342554f,0.10449154716493608
ck_2cb763a881aee27f,0.012027975815343508
ck_5875828b11406398,0.05881859223970803
ck_48e84b0cb0b90fa7,0.1142245365125504
ck_833688de8629c5c0,0.006556049026234265
ck_117d78ccd5820f36,0.11711112444311125
ck_668ec61c4c39cae3,0.009211237331115047
ck_73a7794b659d7a34,0.030343003209307415
ck_10f90d879209734f,0.12649732240296307
ck_d1d079913aa158bf,0.022807525605781497
ck_01c631b38e8a9535,0.040662070761077376
ck_f6923088c17a04e2,0.3266093678777209
ck_b447badc9138987d,0.0063000686292475246
ck_8b772caed8f1541c,0.03487412832217635
ck_5403c76fe68a08ba,0.8616626750379269
ck_3e6833574edf1736,0.044654895761766046
ck_e527fbb9450a4581,0.9889599277964106
ck_cc90e219f1ebf390,0.013999184390900523
